,end station name,counts
0,1 Ave & E 110 St,2910
1,1 Ave & E 16 St,17203
2,1 Ave & E 18 St,11873
3,1 Ave & E 30 St,9518
4,1 Ave & E 44 St,6971
5,1 Ave & E 62 St,9345
6,1 Ave & E 68 St,14521
7,1 Ave & E 78 St,9577
8,1 Ave & E 94 St,3635
9,1 Pl & Clinton St,1896
10,10 Hudson Yards,1069
11,10 St & 5 Ave,1533
12,10 St & 7 Ave,2195
13,11 Ave & W 27 St,13154
14,11 Ave & W 41 St,10910
15,11 Ave & W 59 St,11126
16,11 St & 35 Ave,253
17,11 St & 43 Ave,442
18,12 Ave & W 40 St,16616
19,12 St & 4 Ave,1062
20,14 St & 5 Ave,2571
21,14 St & 7 Ave,2257
22,19 St & 24 Ave,905
23,2 Ave & 36 St - Citi Bike HQ at Industry City,1954
24,2 Ave & 9 St,979
25,2 Ave & E 104 St,2768
26,2 Ave & E 122 St,1120
27,2 Ave & E 31 St,12126
28,2 Ave & E 55 St,3967
29,2 Ave & E 96 St,6117
30,2 Ave & E 99 St,1844
31,21 St & 31 Dr,1355
32,21 St & 36 Ave,321
33,21 St & 38 Ave,370
34,21 St & 43 Ave,655
35,21 St & Hoyt Ave S,450
36,21 St & Queens Plaza North,1826
37,23 Ave & 27 St,503
38,24 Ave & 26 St,988
39,24 Ave & 29 St,883
40,24 St & 41 Ave,1345
41,27 Ave & 4 St,294
42,27 Ave & 9 St,408
43,27 St & Hunter St,1377
44,28 Ave & 35 St,850
45,28 Ave & 44 St,905
46,28 St & 36 Ave,812
47,28 St & 38 Ave,1241
48,28 St & 40 Ave,36
49,28 St & 41 Ave,2606
50,3 Ave & 14 St,1550
51,3 Ave & E 100 St,999
52,3 Ave & E 112 St,939
53,3 Ave & E 62 St,4941
54,3 Ave & E 71 St,2127
55,3 Ave & E 72 St,2716
56,3 Ave & E 95 St,2078
57,3 Ave & Schermerhorn St,3915
58,3 St & 3 Ave,3418
59,3 St & 7 Ave,3492
60,3 St & Hoyt St,1454
61,3 St & Prospect Park West,3199
62,30 Ave & 21 St,468
63,31 Ave & 14 St,789
64,31 Ave & 30 St,1158
65,31 Ave & 34 St,1542
66,31 Ave & Crescent St,1260
67,31 Ave & Steinway St,1336
68,31 St & 23 Ave,3180
69,31 St & 35 Ave,1376
70,31 St & Astoria Blvd,1720
71,31 St & Broadway,1941
72,31 St & Hoyt Ave N,1392
73,31 St & Newtown Ave,240
74,31 St & Northern Blvd,758
75,31 St & Thomson Ave,1088
76,32 St & 30 Ave,2409
77,34 Ave & 13 St,385
78,34 Ave & 21 St,955
79,34 Ave & 38 St,2469
80,34 St & 35 Ave,1014
81,35 Ave & 10 St,699
82,35 Ave & 37 St,1244
83,35 St & 34 Ave,857
84,35 St & Broadway,1290
85,36 Ave & 10 St,632
86,37 Ave & 35 St,774
87,37 St & 24 Ave,754
88,39 St & 2 Ave - Citi Bike HQ at Industry City,706
89,4 Ave & 2 St,1446
90,4 Ave & 9 St,2287
91,40 Ave & 9 St,515
92,40 Ave & Crescent St,105
93,43 St & Broadway,1350
94,44 Dr & 21 St,2572
95,44 Dr & Jackson Ave,3151
96,45 Rd & 11 St,2593
97,46 Ave & 5 St,3857
98,47 Ave & 31 St,949
99,47 Ave & Skillman Ave,184
100,48 Ave & 30 Pl,564
101,48 Ave & 5 St,1031
102,49 Ave & 21 St,1081
103,5 Ave & 3 St,3852
104,5 Ave & E 103 St,4655
105,5 Ave & E 126 St,991
106,5 Ave & E 29 St,4216
107,5 Ave & E 63 St,4689
108,5 Ave & E 73 St,9185
109,5 Ave & E 78 St,7795
110,5 Ave & E 88 St,9541
111,5 Ave & E 93 St,3357
112,5 St & 51 Ave,944
113,5 St & 6 Ave,1464
114,5 St & Market St,928
115,6 Ave & 12 St,1643
116,6 Ave & 9 St,2866
117,6 Ave & Canal St,10380
118,6 Ave & Spring St,10052
119,6 Ave & W 33 St,17736
120,6 St & 7 Ave,1743
121,7 St & 3 Ave,1563
122,7 St & 5 Ave,1855
123,8 Ave & W 31 St,23554
124,8 Ave & W 33 St,22372
125,8 Ave & W 52 St,10710
126,9 Ave & W 22 St,14115
127,9 Ave & W 28 St,8545
128,9 Ave & W 45 St,13502
129,9 St & 44 Rd,778
130,Adam Clayton Powell Blvd & W 115 St,1327
131,Adam Clayton Powell Blvd & W 118 St,1547
132,Adam Clayton Powell Blvd & W 123 St,1792
133,Adam Clayton Powell Blvd & W 126 St,1605
134,Adelphi St & Myrtle Ave,4656
135,Albany Ave & Fulton St,506
136,Allen St & Hester St,10299
137,Allen St & Rivington St,10998
138,Allen St & Stanton St,13437
139,Amsterdam Ave & W 119 St,1869
140,Amsterdam Ave & W 125 St,1601
141,Amsterdam Ave & W 66 St,4003
142,Amsterdam Ave & W 73 St,11707
143,Amsterdam Ave & W 79 St,6418
144,Amsterdam Ave & W 82 St,6575
145,Astoria Park S & Shore Blvd,889
146,Atlantic Ave & Fort Greene Pl,561
147,Atlantic Ave & Furman St,4215
148,Avenue D & E 12 St,3104
149,Avenue D & E 3 St,6164
150,Avenue D & E 8 St,3809
151,Baltic St & 5 Ave,3821
152,Bank St & Hudson St,7660
153,Bank St & Washington St,7248
154,Banker St & Meserole Ave,3480
155,Barclay St & Church St,10281
156,Barrow St & Hudson St,15121
157,Bayard St & Baxter St,8578
158,Bayard St & Leonard St,1918
159,Bedford Ave & Bergen St,2178
160,Bedford Ave & Nassau Ave,5438
161,Bedford Ave & S 9 St,867
162,Bergen St & Flatbush Ave,3827
163,Bergen St & Smith St,9153
164,Bergen St & Vanderbilt Ave,3130
165,Berkeley Pl & 6 Ave,2240
166,Berkeley Pl & 7 Ave,4280
167,Berry St & N 8 St,5993
168,Bialystoker Pl & Delancey St,3660
169,Boerum St & Broadway,1560
170,Bond St & Bergen St,3260
171,Bond St & Fulton St,6476
172,Bressler,27
173,Broad St & Bridge St,3761
174,Broadway & 12 St,892
175,Broadway & Battery Pl,11529
176,Broadway & Berry St,4733
177,Broadway & E 14 St,22577
178,Broadway & E 22 St,26969
179,Broadway & Moylan Pl,2666
180,Broadway & Roebling St,4126
181,Broadway & W 122 St,1238
182,Broadway & W 25 St,19549
183,Broadway & W 29 St,17265
184,Broadway & W 32 St,13217
185,Broadway & W 36 St,9086
186,Broadway & W 37 St,6124
187,Broadway & W 38 St,9319
188,Broadway & W 41 St,15664
189,Broadway & W 49 St,14833
190,Broadway & W 51 St,8729
191,Broadway & W 53 St,8766
192,Broadway & W 56 St,15836
193,Broadway & W 58 St,5876
194,Broadway & W 60 St,19886
195,Broadway & Whipple St,1951
196,Bus Slip & State St,5253
197,Bushwick Ave & Powers St,2415
198,Butler St & Court St,2282
199,Cadman Plaza E & Red Cross Pl,5162
200,Cadman Plaza E & Tillary St,2068
201,Cadman Plaza West & Montague St,4985
202,Cambridge Pl & Gates Ave,1866
203,Canal St & Rutgers St,12147
204,Carlton Ave & Dean St,2233
205,Carlton Ave & Flushing Ave,2855
206,Carlton Ave & Park Ave,2148
207,Carmine St & 6 Ave,18524
208,Carroll St & 5 Ave,3105
209,Carroll St & 6 Ave,3234
210,Carroll St & Bond St,2766
211,Carroll St & Columbia St,2592
212,Carroll St & Franklin Ave,469
213,Carroll St & Smith St,4704
214,Carroll St & Washington Ave,512
215,Cathedral Pkwy & Broadway,3491
216,Catherine St & Monroe St,5944
217,Center Blvd & 48 Ave,1769
218,Center Blvd & Borden Ave,771
219,Central Park North & Adam Clayton Powell Blvd,6516
220,Central Park S & 6 Ave,15485
221,Central Park W & W 96 St,8099
222,Central Park West & W 100 St,4079
223,Central Park West & W 102 St,2578
224,Central Park West & W 68 St,5872
225,Central Park West & W 72 St,8554
226,Central Park West & W 76 St,5152
227,Central Park West & W 85 St,7692
228,Centre St & Chambers St,14190
229,Centre St & Worth St,5212
230,Cherry St,3923
231,Christopher St & Greenwich St,17323
232,City Hall,1
233,Clark St & Henry St,5803
234,Classon Ave & St Marks Ave,2446
235,Clermont Ave & Lafayette Ave,1942
236,Clermont Ave & Park Ave,1998
237,Cleveland Pl & Spring St,17411
238,Cliff St & Fulton St,7185
239,Clinton Ave & Flushing Ave,2320
240,Clinton Ave & Myrtle Ave,5476
241,Clinton St & 4 Place,2453
242,Clinton St & Centre St,667
243,Clinton St & Grand St,10036
244,Clinton St & Joralemon St,5686
245,Clinton St & Tillary St,2153
246,Clinton St & Union St,2466
247,Coffey St & Conover St,1200
248,Columbia Heights & Cranberry St,1296
249,Columbia St & Degraw St,2488
250,Columbia St & Kane St,1935
251,Columbia St & Lorraine St,271
252,Columbia St & Rivington St,5075
253,Columbia St & W 9 St,605
254,Columbus Ave & W 103 St,1634
255,Columbus Ave & W 72 St,13289
256,Columbus Ave & W 95 St,1924
257,Commerce St & Van Brunt St,883
258,Communipaw & Berry Lane,1
259,Concord St & Bridge St,1740
260,Congress St & Clinton St,3807
261,Cooper Square & Astor Pl,18171
262,Court St & Nelson St,1174
263,Court St & State St,6208
264,Crescent St & 30 Ave,974
265,Crescent St & 34 Ave,1116
266,Crescent St & 35 Ave,577
267,Crescent St & Broadway,2007
268,Crescent St & Ditmars Blvd,964
269,Crown St & Bedford Ave,479
270,Cumberland St & Lafayette Ave,3053
271,DeKalb Ave & Hudson Ave,8964
272,DeKalb Ave & S Portland Ave,3137
273,DeKalb Ave & Skillman St,2119
274,DeKalb Ave & Vanderbilt Ave,3328
275,Dean St & 4 Ave,5951
276,Dean St & Franklin Ave,1963
277,Dean St & Hoyt St,2233
278,Degraw St & Hoyt St,2065
279,Degraw St & Smith St,2685
280,Devoe St & Lorimer St,3132
281,Ditmars Blvd & 19 St,1256
282,Division Av & Hooper St,607
283,Division Ave & Marcy Ave,916
284,Division St & Bowery,8166
285,Dixon Mills,1
286,Douglass St & 3 Ave,3655
287,Douglass St & 4 Ave,2357
288,Driggs Ave & Lorimer St,2154
289,Driggs Ave & N 9 St,2795
290,Driggs Ave & N Henry St,3160
291,Duane St & Greenwich St,5011
292,Duffield St & Willoughby St,4327
293,Dwight St & Van Dyke St,683
294,E 10 St & 5 Ave,7865
295,E 10 St & Avenue A,19238
296,E 102 St & 1 Ave,4326
297,E 102 St & Park Ave,1754
298,E 103 St & Lexington Ave,2400
299,E 106 St & 1 Ave,1287
300,E 106 St & Lexington Ave,1752
301,E 106 St & Madison Ave,1604
302,E 109 St & 3 Ave,1683
303,E 11 St & 1 Ave,11656
304,E 11 St & 2 Ave,13329
305,E 11 St & Avenue B,1854
306,E 11 St & Broadway,6193
307,E 110 St & Madison Ave,3320
308,E 114 St & 1 Ave,1182
309,E 115 St & Lexington Ave,1623
310,E 115 St & Madison Ave,1112
311,E 116 St & 2 Ave,1128
312,E 118 St & 1 Ave,1547
313,E 118 St & 3 Ave,1413
314,E 118 St & Madison Ave,1334
315,E 118 St & Park Ave,573
316,E 12 St & 3 Ave,15003
317,E 12 St & Avenue B,3463
318,E 123 St & Lexington Ave,1455
319,E 128 St & Madison Ave,1120
320,E 13 St & Avenue A,12816
321,E 15 St & 3 Ave,12988
322,E 16 St & 5 Ave,14370
323,E 16 St & Irving Pl,9197
324,E 17 St & Broadway,27674
325,E 19 St & 3 Ave,9530
326,E 2 St & 2 Ave,10959
327,E 2 St & Avenue A,10308
328,E 2 St & Avenue B,11984
329,E 2 St & Avenue C,6034
330,E 20 St & 2 Ave,12689
331,E 20 St & FDR Drive,12992
332,E 20 St & Park Ave,11893
333,E 23 St & 1 Ave,13873
334,E 24 St & Park Ave S,19102
335,E 25 St & 1 Ave,9410
336,E 25 St & 2 Ave,13971
337,E 27 St & 1 Ave,9122
338,E 30 St & Park Ave S,10706
339,E 31 St & 3 Ave,10790
340,E 32 St & Park Ave,14839
341,E 33 St & 1 Ave,13659
342,E 33 St & 5 Ave,11972
343,E 35 St & 3 Ave,7189
344,E 39 St & 2 Ave,13253
345,E 39 St & 3 Ave,10388
346,E 4 St & 2 Ave,11717
347,E 41 St & Madison Ave,11487
348,E 43 St & 5 Ave,8913
349,E 44 St & 2 Ave,5924
350,E 45 St & 3 Ave,7819
351,E 47 St & 1 Ave,4221
352,E 47 St & 2 Ave,8144
353,E 47 St & Park Ave,19621
354,E 48 St & 3 Ave,6575
355,E 48 St & 5 Ave,13710
356,E 5 St & Avenue C,5409
357,E 51 St & 1 Ave,5107
358,E 51 St & Lexington Ave,6638
359,E 52 St & 2 Ave,6878
360,E 53 St & 3 Ave,7575
361,E 53 St & Madison Ave,7587
362,E 55 St & 2 Ave,3422
363,E 55 St & 3 Ave,8150
364,E 55 St & Lexington Ave,5709
365,E 58 St & 1 Ave,6240
366,E 58 St & 3 Ave,9757
367,E 58 St & Madison Ave,5965
368,E 59 St & Madison Ave,6084
369,E 6 St & Avenue B,9517
370,E 6 St & Avenue D,5214
371,E 60 St & York Ave,2592
372,E 65 St & 2 Ave,4154
373,E 66 St & Madison Ave,2106
374,E 67 St & Park Ave,2662
375,E 68 St & 3 Ave,3406
376,E 68 St & Madison Ave,2733
377,E 7 St & Avenue A,13020
378,E 71 St & 2 Ave,3515
379,E 72 St & Park Ave,3650
380,E 72 St & York Ave,8201
381,E 74 St & 1 Ave,6316
382,E 75 St & 3 Ave,3899
383,E 76 St & Park Ave,4005
384,E 77 St & 3 Ave,3387
385,E 78 St & 2 Ave,3325
386,E 81 St & 2 Ave,3618
387,E 81 St & 3 Ave,3803
388,E 81 St & Park Ave,1575
389,E 81 St & York Ave,4181
390,E 82 St & East End Ave,2975
391,E 84 St & 1 Ave,4772
392,E 84 St & Park Ave,3472
393,E 85 St & 3 Ave,8876
394,E 85 St & York Ave,3124
395,E 88 St & 1 Ave,4584
396,E 88 St & Park Ave,2788
397,E 89 St & 3 Ave,3556
398,E 89 St & York Ave,3204
399,E 9 St & Avenue C,8981
400,E 91 St & 2 Ave,5012
401,E 91 St & Park Ave,3308
402,E 93 St & 2 Ave,2597
403,E 97 St & 3 Ave,1212
404,E 97 St & Madison Ave,3873
405,E 98 St & Park Ave,1186
406,East End Ave & E 86 St,1597
407,Eastern Pkwy & Franklin Ave,3113
408,Eastern Pkwy & Washington Ave,1384
409,Eckford St & Engert Ave,1304
410,Emerson Pl & Myrtle Ave,3293
411,Essex Light Rail,1
412,Exchange Place,2
413,FDR Drive & E 35 St,9089
414,Fairmount Ave,1
415,Flushing Ave & Vanderbilt Ave,3735
416,Forsyth St & Broome St,11619
417,Forsyth St & Canal St,9612
418,Franklin Ave & Empire Blvd,2688
419,Franklin Ave & Myrtle Ave,1045
420,Franklin Ave & St Marks Ave,1552
421,Franklin St & Dupont St,2653
422,Franklin St & W Broadway,6493
423,Frederick Douglass Blvd & W 112 St,3819
424,Frederick Douglass Blvd & W 115 St,2499
425,Frederick Douglass Blvd & W 117 St,4684
426,Frederick Douglass Blvd & W 129 St,1247
427,Front St & Gold St,2870
428,Front St & Maiden Ln,5778
429,Front St & Washington St,6894
430,Frost St & Meeker St,1060
431,Fulton St & Adams St,6957
432,Fulton St & Broadway,10680
433,Fulton St & Clermont Ave,1493
434,Fulton St & Grand Ave,2457
435,Fulton St & Rockwell Pl,3934
436,Fulton St & Utica Ave,1437
437,Fulton St & Waverly Ave,3448
438,Fulton St & William St,6455
439,Gansevoort St & Hudson St,13836
440,Garfield Pl & 8 Ave,2306
441,Gold St & Frankfort St,3183
442,Graham Ave & Conselyea St,4866
443,Graham Ave & Grand St,2367
444,Graham Ave & Herbert St,1407
445,Graham Ave & Withers St,2076
446,Grand Army Plaza & Central Park S,16606
447,Grand Army Plaza & Plaza St West,3603
448,Grand Ave & Bergen St,2343
449,Grand St,1
450,Grand St & Elizabeth St,16757
451,Grand St & Greene St,7902
452,Grand St & Havemeyer St,4375
453,Great Jones St,18972
454,Greene Ave & Nostrand Ave,1344
455,Greene Ave & Throop Ave,1205
456,Greenpoint Ave & Manhattan Ave,4250
457,Greenwich Ave & Charles St,10931
458,Greenwich St & W Houston St,12250
459,Grove St PATH,2
460,Halsey St & Tompkins Ave,1380
461,Hamilton Park,3
462,Hancock St & Bedford Ave,1455
463,Handlebar @ Gowanus,8
464,Hanson Pl & Ashland Pl,12096
465,Harborside,4
466,Harrison St & Hudson St,4040
467,Henry St & Atlantic Ave,4970
468,Henry St & Bay St,328
469,Henry St & Degraw St,4099
470,Henry St & Grand St,7991
471,Henry St & Poplar St,2608
472,Henry St & W 9 St,573
473,Henry St & W 9 St (OLD),96
474,Hicks St & Montague St,5066
475,Hope St & Union Ave,3165
476,Howard St & Centre St,9585
477,Hoyt St & Warren St,619
478,Hudson St & Reade St,7406
479,Humboldt St & Varet St,1674
480,Huron St & Franklin St,3501
481,India St & Manhattan Ave,3578
482,India St & West St,1764
483,Jackson Ave & 46 Rd,1170
484,Jackson St & Leonard St,773
485,Jay St & Tech Pl,5326
486,Jay St & York St,7727
487,John St & William St,4627
488,Johnson St & Gold St,3218
489,Kane St & Clinton St,3180
490,Kent Ave & N 7 St,9335
491,Kent Ave & S 11 St,3824
492,Kingston Ave & Herkimer St,1305
493,Kosciuszko St & Nostrand Ave,1298
494,Kosciuszko St & Tompkins Ave,1821
495,LaGuardia Pl & W 3 St,9895
496,Lafayette Ave & Classon Ave,3259
497,Lafayette Ave & Fort Greene Pl,4340
498,Lafayette Ave & St James Pl,2862
499,Lafayette St & E 8 St,21117
500,Lafayette St & Jersey St,14568
501,Laight St & Hudson St,2874
502,Lawrence St & Willoughby St,5793
503,Lefferts Pl & Franklin Ave,1575
504,Lenox Ave & W 111 St,5525
505,Lenox Ave & W 115 St,1675
506,Lenox Ave & W 117 St,2861
507,Lenox Ave & W 126 St,3350
508,Lenox Ave & W 130 St,2693
509,Leonard St & Boerum St,1251
510,Leonard St & Church St,5918
511,Leonard St & Maujer St,1859
512,Leonard St & Nassau Ave,3563
513,Lewis Ave & Decatur St,749
514,Lewis Ave & Kosciuszko St,1428
515,Lewis Ave & Madison St,1566
516,Lexington Ave & Classon Ave,2164
517,Lexington Ave & E 111 St,2153
518,Lexington Ave & E 120 St,888
519,Lexington Ave & E 127 St,851
520,Lexington Ave & E 24 St,1011
521,Lexington Ave & E 29 St,10903
522,Lexington Ave & E 63 St,6311
523,Liberty Light Rail,7
524,Liberty St & Broadway,10157
525,Lincoln Pl & Classon Ave,714
526,Lispenard St & Broadway,8519
527,Little West St & 1 Pl,9652
528,Lorimer St & Broadway,1477
529,MacDougal St & Prince St,14352
530,MacDougal St & Washington Sq,8483
531,Macon St & Nostrand Ave,3551
532,Madison Ave & E 120 St,950
533,Madison Ave & E 82 St,3983
534,Madison Ave & E 99 St,2797
535,Madison St & Clinton St,4676
536,Madison St & Montgomery St,3823
537,Maiden Ln & Pearl St,5087
538,Marcus Garvey Blvd & Macon St,1022
539,Marcy Ave & Lafayette Ave,928
540,Marin Light Rail,1
541,Market St & Cherry St,4568
542,McGuinness Blvd & Eagle St,3290
543,McKibbin St & Manhattan Ave,1039
544,Mercer St & Bleecker St,13562
545,Mercer St & Spring St,8701
546,Meserole Ave & Manhattan Ave,4972
547,Metropolitan Ave & Bedford Ave,10412
548,Metropolitan Ave & Meeker Ave,3503
549,Milton St & Franklin St,6794
550,Monroe St & Bedford Ave,2564
551,Monroe St & Classon Ave,1429
552,Monroe St & Tompkins Ave,1802
553,Montgomery St & Franklin Ave,551
554,Montrose Ave & Bushwick Ave,2981
555,Morningside Ave & W 123 St,1733
556,Morningside Dr & Amsterdam Ave,885
557,Morris Canal,1
558,Mott St & Prince St,11755
559,Mt Morris Park W & W 120 St,1759
560,Murray St & Greenwich St,8896
561,Murray St & West St,7726
562,Myrtle Ave & Lewis Ave,3143
563,Myrtle Ave & Marcy Ave,1481
564,Myrtle Ave & St Edwards St,1557
565,N 11 St & Kent Ave,2202
566,N 12 St & Bedford Ave,3557
567,N 15 St & Wythe Ave,1891
568,N 6 St & Bedford Ave,9320
569,N 8 St & Driggs Ave,4513
570,NYCBS DEPOT - DELANCEY,96
571,NYCBS Depot - GOW,640
572,NYCBS Depot BAL - DYR,1
573,Nassau Ave & Newell St,3079
574,Nassau Ave & Russell St,3925
575,Nassau St & Navy St,2282
576,Newton Rd & 44 St,778
577,Newtown Ave & 23 St,924
578,Norfolk St & Broome St,8131
579,North Moore St & Greenwich St,11633
580,Nostrand Ave & Myrtle Ave,1158
581,Old Fulton St,7478
582,Old Slip & Front St,4262
583,Pacific St & Classon Ave,676
584,Pacific St & Nevins St,2715
585,Park Ave & E 124 St,6344
586,Park Ave & Marcus Garvey Blvd,807
587,Park Ave & St Edwards St,933
588,Park Pl & Church St,4532
589,Park Pl & Franklin Ave,1314
590,Park Pl & Vanderbilt Ave,3149
591,Paulus Hook,4
592,Pearl St & Anchorage Pl,4002
593,Pearl St & Hanover Square,5610
594,Peck Slip & Front St,6949
595,Perry St & Bleecker St,6017
596,Pershing Square North,35038
597,Pershing Square South,14442
598,Picnic Point,368
599,Pier 40 - Hudson River Park,8968
600,Pike St & E Broadway,6546
601,Pike St & Monroe St,4155
602,Pioneer St & Richards St,771
603,Pioneer St & Van Brunt St,1581
604,Pitt St & Stanton St,1982
605,Plaza St West & Flatbush Ave,3512
606,Pleasant Ave & E 116 St,3710
607,Pleasant Ave & E 120 St,1232
608,President St & Henry St,2378
609,Prospect Park West & 8 St,2055
610,Prospect Pl & 6 Ave,2539
611,Prospect Pl & Underhill Ave,1850
612,Pulaski St & Marcus Garvey Blvd,986
613,Putnam Ave & Nostrand Ave,980
614,Putnam Ave & Throop Ave,1553
615,Queens Plaza North & Crescent St,5362
616,Railroad Ave & Kay Ave,363
617,Reade St & Broadway,6322
618,Richards St & Delavan St,620
619,Richardson St & N Henry St,2507
620,Riverside Blvd & W 67 St,5325
621,Riverside Dr & W 104 St,2417
622,Riverside Dr & W 72 St,4860
623,Riverside Dr & W 78 St,2367
624,Riverside Dr & W 82 St,3708
625,Riverside Dr & W 91 St,1747
626,Rivington St & Chrystie St,6720
627,Rivington St & Ridge St,4535
628,Roebling St & N 4 St,841
629,Rogers Ave & Sterling St,1087
630,S 3 St & Bedford Ave,4299
631,S 4 St & Rodney St,2807
632,S 4 St & Wythe Ave,8274
633,S 5 Pl & S 5 St,6820
634,S Portland Ave & Atlantic Ave,257
635,S Portland Ave & Hanson Pl,3058
636,Schermerhorn St & Bond St,6082
637,Schermerhorn St & Court St,4327
638,Scholes St & Manhattan Ave,2219
639,Sigourney St & Columbia St,892
640,Smith St & 3 St,2380
641,Smith St & 9 St,3116
642,South End Ave & Liberty St,16080
643,South St & Gouverneur Ln,9394
644,South St & Whitehall St,6119
645,St James Pl & Oliver St,5709
646,St James Pl & Pearl St,2323
647,St Johns Pl & Washington Ave,2023
648,St Marks Pl & 1 Ave,11778
649,St Marks Pl & 2 Ave,12568
650,St Nicholas Ave & Manhattan Ave,3320
651,St. Nicholas Ave & W 126 St,2350
652,Stagg St & Union Ave,2979
653,Stanton St & Chrystie St,10701
654,Stanton St & Mangin St,4555
655,State St & Smith St,4098
656,Steinway St & 23 Ave,925
657,Steinway St & 28 Ave,1119
658,Sterling Pl & 7 Ave,3763
659,Sterling Pl & Bedford Ave,1791
660,Sterling St & Bedford Ave,375
661,Suffolk St & Stanton St,10293
662,Sullivan Pl & Bedford Ave,561
663,Sullivan St & Washington Sq,12930
664,Thompson St & Bleecker St,1701
665,Throop Ave & Myrtle Ave,552
666,Tompkins Ave & Hopkins St,1176
667,Underhill Ave & Lincoln Pl,2456
668,Underhill Ave & Pacific St,1888
669,Union Ave & Jackson St,1494
670,Union Ave & N 12 St,3518
671,Union Ave & Wallabout St,1096
672,Union St & 4 Ave,3524
673,Union St & Bedford Ave,562
674,Union St & Nevins St,2505
675,University Pl & E 14 St,18758
676,University Pl & E 8 St,11891
677,Van Brunt St & Van Dyke St,2009
678,Van Brunt St & Wolcott St,1558
679,Vernon Blvd & 10 St,1238
680,Vernon Blvd & 30 Rd,1483
681,Vernon Blvd & 31 Ave,936
682,Vernon Blvd & 41 Rd,524
683,Vernon Blvd & 47 Rd,1813
684,Vernon Blvd & 50 Ave,5566
685,Verona Pl & Fulton St,1677
686,Vesey Pl & River Terrace,14076
687,W 100 St & Broadway,3813
688,W 100 St & Manhattan Ave,2966
689,W 104 St & Amsterdam Ave,1535
690,W 106 St & Amsterdam Ave,1517
691,W 106 St & Central Park West,2031
692,W 107 St & Columbus Ave,2389
693,W 11 St & 6 Ave,9164
694,W 110 St & Amsterdam Ave,2529
695,W 113 St & Broadway,2307
696,W 116 St & Amsterdam Ave,2956
697,W 116 St & Broadway,2297
698,W 12 St & W 4 St,8879
699,W 120 St & Claremont Ave,1490
700,W 129 St & Convent Ave,1012
701,W 13 St & 5 Ave -moved to 5947.04,1644
702,W 13 St & 6 Ave,2182
703,W 13 St & 7 Ave,12162
704,W 15 St & 10 Ave,8809
705,W 15 St & 6 Ave,7365
706,W 15 St & 7 Ave,12761
707,W 16 St & 8 Ave,19921
708,W 16 St & The High Line,9924
709,W 17 St & 9 Ave,7500
710,W 18 St & 6 Ave,17181
711,W 18 St & 9 Ave,6502
712,W 20 St & 11 Ave,19765
713,W 20 St & 7 Ave,12494
714,W 20 St & 8 Ave,9981
715,W 21 St & 6 Ave,26537
716,W 22 St & 10 Ave,13167
717,W 22 St & 8 Ave,13447
718,W 24 St & 7 Ave,15601
719,W 25 St & 6 Ave,14322
720,W 26 St & 10 Ave,10165
721,W 26 St & 8 Ave,13216
722,W 27 St & 10 Ave,12961
723,W 27 St & 7 Ave,15155
724,W 31 St & 7 Ave,18379
725,W 33 St & 7 Ave,16291
726,W 34 St & 11 Ave,8681
727,W 35 St & Dyer Ave,3294
728,W 37 St & 10 Ave,10572
729,W 37 St & 5 Ave,9110
730,W 38 St & 8 Ave,19734
731,W 4 St & 7 Ave S,12920
732,W 41 St & 8 Ave,20375
733,W 42 St & 8 Ave,10852
734,W 42 St & Dyer Ave,10061
735,W 43 St & 10 Ave,10056
736,W 43 St & 6 Ave,11412
737,W 44 St & 5 Ave,8382
738,W 45 St & 6 Ave,8477
739,W 45 St & 8 Ave,11216
740,W 46 St & 11 Ave,8636
741,W 47 St & 10 Ave,9624
742,W 49 St & 8 Ave,11771
743,W 50 St & 9 Ave,4672
744,W 52 St & 11 Ave,8718
745,W 52 St & 5 Ave,12540
746,W 52 St & 6 Ave,15274
747,W 53 St & 10 Ave,9279
748,W 54 St & 9 Ave,7399
749,W 55 St & 6 Ave,10769
750,W 56 St & 10 Ave,7218
751,W 59 St & 10 Ave,6662
752,W 63 St & Broadway,10248
753,W 64 St & Thelonious Monk Circle,7411
754,W 67 St & Broadway,9740
755,W 70 St & Amsterdam Ave,6821
756,W 74 St & Columbus Ave,4303
757,W 76 St & Columbus Ave,5701
758,W 78 St & Broadway,4708
759,W 82 St & Central Park West,4908
760,W 84 St & Broadway,5019
761,W 84 St & Columbus Ave,5630
762,W 87 St & Amsterdam Ave,4287
763,W 88 St & West End Ave,3221
764,W 89 St & Columbus Ave,6107
765,W 90 St & Amsterdam Ave,3244
766,W 92 St & Broadway,3946
767,W 95 St & Broadway,6520
768,W Broadway & Spring Street,10537
769,Warren St,1
770,Warren St & Court St,3060
771,Washington Ave & Greene Ave,2369
772,Washington Ave & Park Ave,3716
773,Washington Park,2544
774,Washington Pl & 6 Ave,7235
775,Washington Pl & Broadway,11008
776,Washington St & Gansevoort St,13057
777,Water - Whitehall Plaza,4621
778,Watts St & Greenwich St,8461
779,West Drive & Prospect Park West,5559
780,West End Ave & W 107 St,3150
781,West End Ave & W 94 St,3373
782,West St & Chambers St,18612
783,West Thames St,8380
784,William St & Pine St,5236
785,Willoughby Ave & Hall St,3845
786,Willoughby Ave & Tompkins Ave,1194
787,Willoughby Ave & Walworth St,1397
788,Willoughby St & Fleet St,6168
789,Wolcott St & Dwight St,625
790,Wyckoff St & 3 Ave,2582
791,Wyckoff St & Bond St,72
792,Wythe Ave & Metropolitan Ave,8102
793,Yankee Ferry Terminal,730
794,old - E 13 St & Avenue A,2633
