,end station name,counts
0,1 Ave & E 110 St,4844
1,1 Ave & E 16 St,26981
2,1 Ave & E 18 St,19048
3,1 Ave & E 30 St,13364
4,1 Ave & E 44 St,10602
5,1 Ave & E 62 St,15801
6,1 Ave & E 68 St,20474
7,1 Ave & E 78 St,15205
8,1 Ave & E 94 St,5228
9,1 Pl & Clinton St,3297
10,10 Ave & W 28 St,23800
11,10 Hudson Yards,1309
12,10 St & 2 Ave,1125
13,10 St & 5 Ave,2496
14,10 St & 7 Ave,3068
15,11 Ave & W 27 St,24855
16,11 Ave & W 41 St,19906
17,11 Ave & W 59 St,18596
18,11 St & 35 Ave,444
19,11 St & 43 Ave,993
20,12 Ave & W 40 St,40760
21,12 St & 4 Ave,1555
22,14 St & 5 Ave,4256
23,14 St & 7 Ave,3558
24,19 St & 24 Ave,2798
25,2 Ave & 36 St - Citi Bike HQ at Industry City,1972
26,2 Ave & E 104 St,4316
27,2 Ave & E 122 St,1896
28,2 Ave & E 31 St,19410
29,2 Ave & E 72 St,9647
30,2 Ave & E 96 St,8978
31,2 Ave & E 99 St,2994
32,21 St & 31 Dr,2431
33,21 St & 36 Ave,644
34,21 St & 38 Ave,674
35,21 St & 43 Ave,1470
36,21 St & Hoyt Ave S,1623
37,21 St & Queens Plaza North,3427
38,23 Ave & 27 St,1278
39,24 Ave & 26 St,1961
40,24 Ave & 29 St,1826
41,24 St & 41 Ave,2004
42,27 Ave & 3 St,202
43,27 Ave & 4 St,401
44,27 Ave & 9 St,1622
45,27 St & Hunter St,2981
46,28 Ave & 35 St,2374
47,28 Ave & 44 St,2411
48,28 St & 36 Ave,1602
49,28 St & 38 Ave,1941
50,28 St & 41 Ave,4077
51,3 Ave & 14 St,1814
52,3 Ave & Carroll St,2136
53,3 Ave & E 100 St,1751
54,3 Ave & E 112 St,1539
55,3 Ave & E 62 St,8415
56,3 Ave & E 71 St,2717
57,3 Ave & E 72 St,3534
58,3 Ave & E 95 St,2692
59,3 Ave & Schermerhorn St,6232
60,3 St & 3 Ave,4375
61,3 St & 7 Ave,4521
62,3 St & Hoyt St,2274
63,3 St & Prospect Park West,5396
64,30 Ave & 21 St,1574
65,31 Ave & 14 St,1172
66,31 Ave & 30 St,1940
67,31 Ave & 34 St,3493
68,31 Ave & Crescent St,2218
69,31 Ave & Steinway St,3052
70,31 St & 23 Ave,6733
71,31 St & Astoria Blvd,2596
72,31 St & Broadway,6232
73,31 St & Hoyt Ave N,1205
74,31 St & Newtown Ave,7096
75,31 St & Northern Blvd,1629
76,31 St & Thomson Ave,1796
77,34 Ave & 13 St,808
78,34 Ave & 21 St,1147
79,34 Ave & 38 St,4988
80,34 St & 35 Ave,1718
81,35 Ave & 10 St,1447
82,35 Ave & 37 St,2209
83,35 St & 34 Ave,1441
84,35 St & Broadway,2107
85,36 Ave & 10 St,1706
86,36 Ave & 31 St,2654
87,37 Ave & 35 St,1710
88,37 St & 24 Ave,1376
89,39 St & 2 Ave - Citi Bike HQ at Industry City,1048
90,4 Ave & 9 St,3440
91,40 Ave & 9 St,1442
92,40 Ave & Crescent St,842
93,43 St & Broadway,2491
94,44 Dr & 21 St,3882
95,44 Dr & Jackson Ave,5715
96,45 Rd & 11 St,4146
97,46 Ave & 5 St,6404
98,47 Ave & 31 St,1646
99,47 Ave & Skillman Ave,733
100,48 Ave & 30 Pl,757
101,48 Ave & 5 St,1530
102,49 Ave & 21 St,1995
103,5 Ave & 3 St,6178
104,5 Ave & E 103 St,9003
105,5 Ave & E 126 St,2557
106,5 Ave & E 29 St,18532
107,5 Ave & E 63 St,7639
108,5 Ave & E 73 St,20002
109,5 Ave & E 78 St,13888
110,5 Ave & E 88 St,20828
111,5 Ave & E 93 St,6945
112,5 St & 51 Ave,1552
113,5 St & 6 Ave,1848
114,5 St & Market St,1289
115,6 Ave & 12 St,2332
116,6 Ave & 9 St,3838
117,6 Ave & Broome St,19019
118,6 Ave & Canal St,19701
119,6 Ave & W 33 St,29756
120,6 Ave & W 34 St,9766
121,6 St & 7 Ave,2326
122,7 Ave & Central Park South,19272
123,7 Ave & Park Pl,7067
124,7 St & 3 Ave,2343
125,7 St & 5 Ave,2851
126,8 Ave & W 31 St,39215
127,8 Ave & W 33 St,29538
128,8 Ave & W 52 St,17743
129,9 Ave & W 18 St,16881
130,9 Ave & W 22 St,14053
131,9 Ave & W 28 St,14848
132,9 Ave & W 45 St,21546
133,9 St & 44 Rd,2059
134,Adam Clayton Powell Blvd & W 115 St,2114
135,Adam Clayton Powell Blvd & W 118 St,2611
136,Adam Clayton Powell Blvd & W 123 St,3226
137,Adam Clayton Powell Blvd & W 126 St,3015
138,Adelphi St & Myrtle Ave,6290
139,Albany Ave & Fulton St,1014
140,Allen St & Hester St,17631
141,Allen St & Rivington St,18287
142,Allen St & Stanton St,22918
143,Amsterdam Ave & W 119 St,2467
144,Amsterdam Ave & W 125 St,2890
145,Amsterdam Ave & W 66 St,6126
146,Amsterdam Ave & W 73 St,16300
147,Amsterdam Ave & W 79 St,10370
148,Amsterdam Ave & W 82 St,10001
149,Astoria Park S & Shore Blvd,2300
150,Atlantic Ave & Fort Greene Pl,6384
151,Atlantic Ave & Furman St,9997
152,Avenue C & E 18 St,9954
153,Avenue D & E 12 St,6174
154,Avenue D & E 3 St,8199
155,Avenue D & E 8 St,7853
156,Baltic St & 5 Ave,4967
157,Bank St & Hudson St,13753
158,Bank St & Washington St,12667
159,Banker St & Meserole Ave,4585
160,Barclay St & Church St,15595
161,Barrow St & Hudson St,21376
162,Bayard St & Baxter St,14454
163,Bayard St & Leonard St,4294
164,Beaver St & Fayette St,120
165,Bedford Ave & Bergen St,4632
166,Bedford Ave & Montgomery St,647
167,Bedford Ave & Nassau Ave,9780
168,Bedford Ave & S 9 St,2424
169,Bergen St & Flatbush Ave,5305
170,Bergen St & Smith St,11616
171,Bergen St & Vanderbilt Ave,5736
172,Berkeley Pl & 6 Ave,3314
173,Berkeley Pl & 7 Ave,6856
174,Berry St & N 8 St,10802
175,Bialystoker Pl & Delancey St,5745
176,Boerum St & Broadway,3218
177,Bond St & Bergen St,3776
178,Bond St & Fulton St,10894
179,Broad St & Bridge St,6027
180,Broadway & 12 St,1631
181,Broadway & Battery Pl,18689
182,Broadway & Berry St,9416
183,Broadway & E 14 St,38281
184,Broadway & E 22 St,38392
185,Broadway & Moylan Pl,6167
186,Broadway & Roebling St,7424
187,Broadway & W 122 St,2147
188,Broadway & W 25 St,28821
189,Broadway & W 29 St,22030
190,Broadway & W 32 St,2
191,Broadway & W 36 St,9850
192,Broadway & W 37 St,10043
193,Broadway & W 38 St,14621
194,Broadway & W 41 St,26837
195,Broadway & W 49 St,22393
196,Broadway & W 51 St,12369
197,Broadway & W 53 St,13263
198,Broadway & W 56 St,23102
199,Broadway & W 60 St,34842
200,Broadway & Whipple St,3325
201,Brooklyn Bridge Park - Pier 2,4700
202,Brunswick St,1
203,Bus Slip & State St,11756
204,Bushwick Ave & Dekalb Ave,179
205,Bushwick Ave & Forrest St,48
206,Bushwick Ave & McKibbin St,1253
207,Bushwick Ave & Powers St,3087
208,Bushwick Ave & Stagg St,772
209,Butler St & Court St,3212
210,Cadman Plaza E & Johnson St,5071
211,Cadman Plaza E & Red Cross Pl,8637
212,Cadman Plaza West & Montague St,6854
213,Calyer St & Jewel St,44
214,Cambridge Pl & Gates Ave,3239
215,Canal St & Rutgers St,22031
216,Carlton Ave & Dean St,4465
217,Carlton Ave & Flushing Ave,3983
218,Carlton Ave & Park Ave,3765
219,Carmine St & 6 Ave,25213
220,Carroll St & 5 Ave,5525
221,Carroll St & 6 Ave,2555
222,Carroll St & Bond St,4185
223,Carroll St & Columbia St,3975
224,Carroll St & Franklin Ave,939
225,Carroll St & Smith St,6105
226,Carroll St & Washington Ave,1352
227,Cathedral Pkwy & Broadway,5798
228,Catherine St & Monroe St,8767
229,Cedar St & Myrtle Ave,3232
230,Center Blvd & 48 Ave,3152
231,Center Blvd & 51 Ave,4333
232,Central Ave & Flushing Ave,1955
233,Central Ave & Starr Street,2409
234,Central Park North & Adam Clayton Powell Blvd,14842
235,Central Park S & 6 Ave,27593
236,Central Park W & W 96 St,12921
237,Central Park West & W 100 St,9143
238,Central Park West & W 102 St,3827
239,Central Park West & W 68 St,17935
240,Central Park West & W 72 St,20694
241,Central Park West & W 76 St,12069
242,Central Park West & W 82 St,4204
243,Central Park West & W 85 St,14804
244,Centre St & Chambers St,22319
245,Centre St & Worth St,9111
246,Cherry St,9211
247,Christopher St & Greenwich St,37188
248,City Hall,1
249,Clark St & Henry St,8651
250,Classon Ave & St Marks Ave,4126
251,Clermont Ave & Lafayette Ave,3077
252,Clermont Ave & Park Ave,2990
253,Cleveland Pl & Spring St,30352
254,Cliff St & Fulton St,13243
255,Clinton Ave & Flushing Ave,2803
256,Clinton Ave & Myrtle Ave,4477
257,Clinton St & 4 Place,3244
258,Clinton St & Centre St,1021
259,Clinton St & Grand St,18124
260,Clinton St & Joralemon St,7667
261,Clinton St & Union St,4009
262,Coffey St & Conover St,2444
263,Columbia Heights & Cranberry St,3370
264,Columbia St & Degraw St,3880
265,Columbia St & Kane St,3253
266,Columbia St & Lorraine St,751
267,Columbia St & Rivington St,6965
268,Columbia St & W 9 St,1104
269,Columbus Ave & W 103 St,1297
270,Columbus Ave & W 72 St,16474
271,Columbus Ave & W 95 St,11146
272,Columbus Drive,2
273,Commerce St & Van Brunt St,1495
274,Concord St & Bridge St,3620
275,Congress St & Clinton St,5649
276,Cooper Square & Astor Pl,28148
277,Court St & Nelson St,2862
278,Court St & State St,8981
279,Crescent St & 30 Ave,2112
280,Crescent St & 34 Ave,1684
281,Crescent St & 35 Ave,1354
282,Crescent St & Broadway,3194
283,Crescent St & Ditmars Blvd,1477
284,Crown St & Bedford Ave,17
285,Cumberland St & Lafayette Ave,4628
286,DeKalb Ave & Franklin Ave,3524
287,DeKalb Ave & Hudson Ave,7651
288,DeKalb Ave & S Portland Ave,5948
289,DeKalb Ave & Vanderbilt Ave,5453
290,Dean St & 4 Ave,7983
291,Dean St & Franklin Ave,4018
292,Dean St & Hoyt St,3168
293,Degraw St & Hoyt St,2461
294,Degraw St & Smith St,4394
295,Devoe St & Lorimer St,6050
296,Devoe St & Morgan Ave,1194
297,Ditmars Blvd & 19 St,2796
298,Division Av & Hooper St,3280
299,Division Ave & Marcy Ave,1562
300,Division St & Bowery,13267
301,Dock 72 Way & Market St,1753
302,Douglass St & 3 Ave,5193
303,Douglass St & 4 Ave,3910
304,Driggs Ave & Lorimer St,5208
305,Driggs Ave & N 9 St,10402
306,Driggs Ave & N Henry St,5662
307,Duane St & Greenwich St,7411
308,Duffield St & Willoughby St,6750
309,Dwight St & Van Dyke St,1151
310,E 10 St & 5 Ave,13476
311,E 10 St & Avenue A,24352
312,E 102 St & 1 Ave,6716
313,E 102 St & Park Ave,3258
314,E 103 St & Lexington Ave,4349
315,E 106 St & 1 Ave,2550
316,E 106 St & Lexington Ave,2873
317,E 106 St & Madison Ave,3175
318,E 109 St & 3 Ave,2847
319,E 11 St & 1 Ave,19916
320,E 11 St & 2 Ave,17114
321,E 11 St & Avenue B,15160
322,E 110 St & Madison Ave,6019
323,E 114 St & 1 Ave,2478
324,E 115 St & Lexington Ave,3563
325,E 115 St & Madison Ave,2213
326,E 116 St & 2 Ave,1967
327,E 118 St & 1 Ave,3020
328,E 118 St & 3 Ave,3300
329,E 118 St & Madison Ave,2362
330,E 118 St & Park Ave,1659
331,E 12 St & 3 Ave,14594
332,E 12 St & 4 Av,16328
333,E 123 St & Lexington Ave,2630
334,E 128 St & Madison Ave,2175
335,E 13 St & Avenue A,26099
336,E 15 St & 3 Ave,21084
337,E 16 St & 5 Ave,22432
338,E 16 St & Irving Pl,13633
339,E 17 St & Broadway,42789
340,E 19 St & 3 Ave,13795
341,E 2 St & 2 Ave,18426
342,E 2 St & Avenue A,18834
343,E 2 St & Avenue B,20229
344,E 2 St & Avenue C,11788
345,E 20 St & 2 Ave,19350
346,E 20 St & FDR Drive,17576
347,E 20 St & Park Ave,18472
348,E 23 St & 1 Ave,19045
349,E 24 St & Park Ave S,29675
350,E 25 St & 1 Ave,12413
351,E 25 St & 2 Ave,20636
352,E 27 St & 1 Ave,12321
353,E 30 St & Park Ave S,14847
354,E 31 St & 3 Ave,18033
355,E 32 St & Park Ave,20813
356,E 33 St & 1 Ave,20609
357,E 33 St & 5 Ave,17059
358,E 39 St & 2 Ave,20705
359,E 39 St & 3 Ave,16305
360,E 4 St & 2 Ave,20234
361,E 41 St & Madison Ave,11926
362,E 43 St & 2 Ave,7991
363,E 43 St & 5 Ave,12132
364,E 45 St & 3 Ave,11604
365,E 47 St & 1 Ave,6688
366,E 47 St & 2 Ave,13026
367,E 47 St & Park Ave,25063
368,E 48 St & 3 Ave,9703
369,E 48 St & 5 Ave,20838
370,E 5 St & Avenue C,9069
371,E 51 St & 1 Ave,13482
372,E 51 St & Lexington Ave,10892
373,E 52 St & 2 Ave,1765
374,E 53 St & 3 Ave,20282
375,E 53 St & Madison Ave,12221
376,E 55 St & 2 Ave,8021
377,E 55 St & Lexington Ave,1849
378,E 56 St & 3 Ave,4550
379,E 58 St &  1 Ave (NW Corner),8168
380,E 58 St & 1 Ave (NE Corner),4203
381,E 58 St & 3 Ave,16358
382,E 58 St & Madison Ave,6647
383,E 59 St & Madison Ave,9993
384,E 6 St & Avenue B,18088
385,E 6 St & Avenue D,10334
386,E 60 St & York Ave,4237
387,E 65 St & 2 Ave,5640
388,E 66 St & Madison Ave,3517
389,E 67 St & Park Ave,3541
390,E 68 St & 3 Ave,4392
391,E 68 St & Madison Ave,3476
392,E 7 St & Avenue A,22373
393,E 72 St & Park Ave,7265
394,E 72 St & York Ave,10269
395,E 74 St & 1 Ave,9154
396,E 75 St & 3 Ave,5424
397,E 76 St & Park Ave,5297
398,E 77 St & 3 Ave,5682
399,E 78 St & 2 Ave,5031
400,E 80 St & Park Ave,773
401,E 81 St & 2 Ave,6400
402,E 81 St & 3 Ave,5159
403,E 81 St & York Ave,6742
404,E 82 St & East End Ave,4346
405,E 84 St & 1 Ave,8161
406,E 84 St & 3 Ave,10906
407,E 84 St & Park Ave,5149
408,E 85 St & York Ave,4117
409,E 88 St & 1 Ave,6976
410,E 88 St & Park Ave,3937
411,E 89 St & 3 Ave,6423
412,E 89 St & York Ave,5538
413,E 9 St & Avenue C,15031
414,E 91 St & 2 Ave,7677
415,E 91 St & Park Ave,3959
416,E 93 St & 2 Ave,4442
417,E 95 St & 3 Ave,723
418,E 97 St & 3 Ave,2141
419,E 97 St & Madison Ave,5654
420,E 98 St & Park Ave,2009
421,East End Ave & E 86 St,3436
422,Eastern Pkwy & Franklin Ave,4621
423,Eastern Pkwy & Washington Ave,2488
424,Eckford St & Engert Ave,2388
425,Emerson Pl & Myrtle Ave,5424
426,Evergreen Ave & Noll St,58
427,FDR Drive & E 35 St,22488
428,Flushing Ave & Vanderbilt Ave,5617
429,Forsyth St & Broome St,19237
430,Forsyth St & Canal St,17545
431,Franklin Ave & Empire Blvd,4964
432,Franklin Ave & Myrtle Ave,2530
433,Franklin Ave & St Marks Ave,3214
434,Franklin St & Dupont St,6159
435,Franklin St & W Broadway,8987
436,Frederick Douglass Blvd & W 112 St,6812
437,Frederick Douglass Blvd & W 115 St,5420
438,Frederick Douglass Blvd & W 117 St,7023
439,Frederick Douglass Blvd & W 129 St,2689
440,Front St & Gold St,5249
441,Front St & Jay St,4093
442,Front St & Maiden Ln,12130
443,Front St & Washington St,13833
444,Frost St & Meeker Ave,2607
445,Fulton St & Adams St,10250
446,Fulton St & Broadway,16480
447,Fulton St & Clermont Ave,2812
448,Fulton St & Grand Ave,737
449,Fulton St & Irving Pl,2676
450,Fulton St & Rockwell Pl,4500
451,Fulton St & Utica Ave,3028
452,Fulton St & Waverly Ave,5438
453,Fulton St & William St,9856
454,Gansevoort St & Hudson St,21606
455,Garfield Pl & 8 Ave,3011
456,George St & Wilson Ave,1443
457,Graham Ave & Conselyea St,8411
458,Graham Ave & Grand St,5638
459,Graham Ave & Herbert St,2813
460,Graham Ave & Withers St,4298
461,Grand Army Plaza & Central Park S,23800
462,Grand Army Plaza & Plaza St West,8143
463,Grand Ave & Bergen St,3501
464,Grand St,1
465,Grand St & Elizabeth St,28003
466,Grand St & Havemeyer St,7967
467,Great Jones St,26074
468,Green St & McGuinness Blvd,43
469,Greene Av & Myrtle Av,3146
470,Greene Ave & Nostrand Ave,2757
471,Greene Ave & Throop Ave,2396
472,Greenpoint Ave & Manhattan Ave,8310
473,Greenwich Ave & 8 Ave,28030
474,Greenwich Ave & Charles St,16364
475,Greenwich St & W Houston St,23374
476,Halsey St & Tompkins Ave,2877
477,Hamilton Park,1
478,Hancock St & Bedford Ave,2363
479,Hanson Pl & Ashland Pl,13069
480,Harborside,1
481,Harrison Pl & Porter Ave,54
482,Harrison St & Hudson St,6341
483,Hart St & Wyckoff Ave,2116
484,Heights Elevator,5
485,Henry St & Atlantic Ave,6577
486,Henry St & Bay St,1713
487,Henry St & Degraw St,4872
488,Henry St & Grand St,8886
489,Henry St & Middagh St,5242
490,Henry St & W 9 St,722
491,Hicks St & Montague St,7363
492,Hilltop,1
493,Hoboken Ave at Monmouth St,2
494,Hope St & Union Ave,7007
495,Howard St & Centre St,16503
496,Hudson St & Reade St,11084
497,Humboldt St & Varet St,2175
498,Huron St & Franklin St,7011
499,India St & Manhattan Ave,5095
500,India St & West St,4984
501,Irving Ave & DeKalb Ave,1495
502,Irving Ave & Jefferson St,1637
503,JC Medical Center,2
504,JCBS Depot,1
505,Jackson Ave & 46 Rd,2661
506,Jackson St & Leonard St,1603
507,Jay St & Tech Pl,8932
508,Jay St & York St,17375
509,Jersey & 6th St,1
510,John St & William St,7064
511,Johnson St & Gold St,4938
512,Kane St & Clinton St,4025
513,Kent Ave & N 7 St,19062
514,Kent Ave & S 11 St,8406
515,Kent St & McGuinness Blvd,50
516,Kingston Ave & Herkimer St,2835
517,Knickerbocker Ave & George St,1715
518,Knickerbocker Ave & Thames St,1753
519,Kosciuszko St & Nostrand Ave,2705
520,Kosciuszko St & Tompkins Ave,3105
521,LaGuardia Pl & W 3 St,19178
522,Lafayette Ave & Classon Ave,5087
523,Lafayette Ave & Fort Greene Pl,7164
524,Lafayette Ave & St James Pl,6547
525,Lafayette St & E 8 St,32945
526,Lafayette St & Jersey St,16227
527,Lafayette St & Jersey St S,5052
528,Laight St & Hudson St,4025
529,Lawrence St & Willoughby St,8934
530,Lefferts Pl & Franklin Ave,2567
531,Lenox Ave & W 111 St,11748
532,Lenox Ave & W 115 St,3770
533,Lenox Ave & W 117 St,5853
534,Lenox Ave & W 126 St,6235
535,Lenox Ave & W 130 St,5654
536,Leonard St & Boerum St,2293
537,Leonard St & Church St,9175
538,Leonard St & Maujer St,3896
539,Leonard St & Nassau Ave,6012
540,Lewis Ave & Decatur St,1941
541,Lewis Ave & Kosciuszko St,2673
542,Lewis Ave & Madison St,3671
543,Lexington Ave & Classon Ave,3849
544,Lexington Ave & E 111 St,4203
545,Lexington Ave & E 120 St,1938
546,Lexington Ave & E 127 St,1991
547,Lexington Ave & E 26 St,21108
548,Lexington Ave & E 29 St,13599
549,Lexington Ave & E 36 St,9563
550,Lexington Ave & E 63 St,5936
551,Liberty Light Rail,2
552,Liberty St & Broadway,15782
553,Lincoln Pl & Classon Ave,1311
554,Lispenard St & Broadway,17215
555,Little West St & 1 Pl,20635
556,Lorimer St & Broadway,2518
557,MacDougal St & Prince St,24197
558,MacDougal St & Washington Sq,14835
559,Macon St & Nostrand Ave,5634
560,Madison Ave & E 120 St,1838
561,Madison Ave & E 82 St,8342
562,Madison Ave & E 99 St,4138
563,Madison St & Clinton St,7608
564,Madison St & Montgomery St,7077
565,Maiden Ln & Pearl St,8883
566,Marcus Garvey Blvd & Macon St,2197
567,Marcy Ave & Lafayette Ave,2296
568,Marin Light Rail,5
569,Market St & Cherry St,6476
570,McGuinness Blvd & Eagle St,7650
571,McKibbin St & Bogart St,2771
572,McKibbin St & Manhattan Ave,2580
573,Mercer St & Bleecker St,19679
574,Mercer St & Spring St,18627
575,Meserole Ave & Manhattan Ave,8132
576,Metropolitan Ave & Bedford Ave,17586
577,Metropolitan Ave & Meeker Ave,7138
578,Metropolitan Ave & Vandervoort Ave,28
579,Milton St & Franklin St,11363
580,Monmouth and 6th,1
581,Monroe St & Bedford Ave,4246
582,Monroe St & Classon Ave,3864
583,Monroe St & Tompkins Ave,3039
584,Montgomery St,1
585,Montgomery St & Franklin Ave,933
586,Montrose Ave & Bushwick Ave,4830
587,Morgan Ave & Maspeth Ave,28
588,Morningside Ave & W 123 St,2647
589,Morningside Dr & Amsterdam Ave,1146
590,Morris Canal,2
591,Mott St & Prince St,20014
592,Mt Morris Park W & W 120 St,3061
593,Murray St & Greenwich St,16123
594,Murray St & West St,15186
595,Myrtle Ave & Lewis Ave,4858
596,Myrtle Ave & Marcy Ave,2672
597,Myrtle Ave & St Edwards St,3433
598,N 11 St & Kent Ave,5018
599,N 12 St & Bedford Ave,7845
600,N 15 St & Wythe Ave,2798
601,N 6 St & Bedford Ave,16225
602,NYCBS DEPOT - DELANCEY,70
603,NYCBS Depot BAL - DYR,4
604,Nassau Ave & Newell St,5671
605,Nassau Ave & Russell St,8285
606,Nassau St & Navy St,3593
607,Newport PATH,2
608,Newport Pkwy,2
609,Newton Rd & 44 St,1942
610,Newtown Ave & 23 St,2942
611,Norfolk St & Broome St,17017
612,North Moore St & Greenwich St,28161
613,Nostrand Ave & Myrtle Ave,1745
614,Old Fulton St,14586
615,Old Slip & Front St,10728
616,Pacific St & Classon Ave,1255
617,Pacific St & Nevins St,3441
618,Park Ave & E 124 St,9179
619,Park Ave & Marcus Garvey Blvd,2098
620,Park Ave & St Edwards St,1958
621,Park Pl & Church St,7419
622,Park Pl & Franklin Ave,2943
623,Park Pl & Vanderbilt Ave,4316
624,Paulus Hook,3
625,Pearl St & Hanover Square,9160
626,Peck Slip & Front St,14001
627,Perry St & Bleecker St,13993
628,Pershing Field,1
629,Pershing Square North,49324
630,Pershing Square South,16742
631,Picnic Point,4955
632,Pier 40 - Hudson River Park,27330
633,Pierrepont St & Monroe Pl,3444
634,Pike St & E Broadway,10207
635,Pike St & Monroe St,8785
636,Pioneer St & Richards St,1279
637,Pioneer St & Van Brunt St,3017
638,Pitt St & Stanton St,3450
639,Plaza St West & Flatbush Ave,4774
640,Pleasant Ave & E 116 St,5663
641,Pleasant Ave & E 120 St,2226
642,Powers St & Olive St,1697
643,President St & Henry St,3206
644,Prospect Park West & 8 St,4165
645,Prospect Pl & 6 Ave,3072
646,Prospect Pl & Underhill Ave,2900
647,Pulaski St & Marcus Garvey Blvd,1904
648,Putnam Ave & Nostrand Ave,1684
649,Putnam Ave & Throop Ave,2596
650,Queens Plaza North & Crescent St,9613
651,Railroad Ave & Kay Ave,417
652,Reade St & Broadway,8692
653,Richards St & Delavan St,1075
654,Richardson St & N Henry St,5225
655,Riverside Blvd & W 67 St,10479
656,Riverside Dr & W 104 St,5763
657,Riverside Dr & W 72 St,10537
658,Riverside Dr & W 78 St,7168
659,Riverside Dr & W 82 St,7212
660,Riverside Dr & W 91 St,5448
661,Rivington St & Chrystie St,12556
662,Rivington St & Ridge St,10713
663,Roebling St & N 4 St,6572
664,Rogers Ave & Sterling St,2144
665,S 3 St & Bedford Ave,11161
666,S 4 St & Rodney St,5194
667,S 4 St & Wythe Ave,11405
668,S 5 Pl & S 5 St,17589
669,S Portland Ave & Hanson Pl,4281
670,Schermerhorn St & Bond St,8304
671,Schermerhorn St & Court St,5759
672,Scholes St & Manhattan Ave,5940
673,Sharon St & Olive St,2753
674,Sigourney St & Columbia St,1429
675,Sip Ave,1
676,Smith St & 3 St,3903
677,Smith St & 9 St,4392
678,Soissons Landing,7899
679,South End Ave & Liberty St,31916
680,South St & Gouverneur Ln,19958
681,South St & Whitehall St,13200
682,Spruce St & Nassau St,9855
683,St James Pl & Oliver St,8408
684,St James Pl & Pearl St,4994
685,St Johns Pl & Washington Ave,3288
686,St Marks Pl & 1 Ave,23550
687,St Marks Pl & 2 Ave,19846
688,St Nicholas Ave & Manhattan Ave,6448
689,St. Nicholas Ave & W 126 St,4932
690,Stagg St & Morgan Ave,1193
691,Stagg St & Union Ave,5824
692,Stanton St & Chrystie St,17030
693,Stanton St & Mangin St,6436
694,Stanton St & Norfolk St,12145
695,State St & Smith St,6277
696,Steinway St & 23 Ave,1914
697,Steinway St & 28 Ave,3208
698,Sterling Pl & Bedford Ave,3371
699,Sterling St & Bedford Ave,1354
700,Stockholm St & Wilson Ave,1579
701,Stuyvesant Walk & 1 Av Loop,2327
702,Suffolk St & Stanton St,13104
703,Sullivan Pl & Bedford Ave,861
704,Sullivan St & Washington Sq,17540
705,Suydam St & Knickerbocker Ave,2144
706,Throop Ave & Myrtle Ave,1297
707,Tompkins Ave & Hopkins St,1961
708,Underhill Ave & Lincoln Pl,3669
709,Underhill Ave & Pacific St,3076
710,Union Ave & Jackson St,2964
711,Union Ave & N 12 St,8150
712,Union Ave & Wallabout St,2339
713,Union St,1
714,Union St & 4 Ave,5558
715,Union St & Bedford Ave,1481
716,Union St & Nevins St,3139
717,University Pl & E 14 St,20475
718,University Pl & E 14 St (old),2
719,University Pl & E 8 St,16110
720,Van Brunt St & Van Dyke St,4759
721,Van Brunt St & Wolcott St,2845
722,Van Vorst Park,4
723,Vernon Blvd & 10 St,2066
724,Vernon Blvd & 30 Rd,2507
725,Vernon Blvd & 31 Ave,2312
726,Vernon Blvd & 41 Rd,1838
727,Vernon Blvd & 47 Rd,3744
728,Vernon Blvd & 50 Ave,9270
729,Verona Pl & Fulton St,2901
730,Vesey Pl & River Terrace,26714
731,W 100 St & Broadway,7482
732,W 100 St & Manhattan Ave,5540
733,W 104 St & Amsterdam Ave,3889
734,W 106 St & Amsterdam Ave,4833
735,W 106 St & Central Park West,7476
736,W 107 St & Columbus Ave,2447
737,W 11 St & 6 Ave,16442
738,W 110 St & Amsterdam Ave,4444
739,W 113 St & Broadway,3510
740,W 116 St & Amsterdam Ave,3032
741,W 116 St & Broadway,3494
742,W 120 St & Claremont Ave,2956
743,W 129 St & Convent Ave,2132
744,W 13 St & 5 Ave,18711
745,W 13 St & 7 Ave,18890
746,W 15 St & 10 Ave,16195
747,W 15 St & 6 Ave,3283
748,W 15 St & 7 Ave,23503
749,W 16 St & The High Line,19637
750,W 17 St & 8 Ave,25238
751,W 18 St & 6 Ave,27683
752,W 18 St & 9 Ave,2505
753,W 20 St & 11 Ave,34355
754,W 20 St & 7 Ave,18905
755,W 20 St & 8 Ave,16482
756,W 21 St & 6 Ave,37245
757,W 22 St & 10 Ave,25301
758,W 22 St & 8 Ave,22181
759,W 24 St & 7 Ave,23493
760,W 25 St & 6 Ave,19548
761,W 26 St & 10 Ave,18187
762,W 26 St & 8 Ave,21648
763,W 27 St & 7 Ave,20847
764,W 31 St & 7 Ave,26288
765,W 33 St & 7 Ave,23498
766,W 34 St & 11 Ave,28532
767,W 35 St & Dyer Ave,9740
768,W 37 St & 10 Ave,16558
769,W 37 St & 5 Ave,11649
770,W 38 St & 8 Ave,27432
771,W 39 St & 9 Ave,3
772,W 4 St & 7 Ave S,22230
773,W 40 St & 5 Ave,9555
774,W 41 St & 8 Ave,28651
775,W 42 St & 8 Ave,16068
776,W 42 St & Dyer Ave,14142
777,W 43 St & 10 Ave,15726
778,W 44 St & 5 Ave,15592
779,W 45 St & 6 Ave,16733
780,W 45 St & 8 Ave,16305
781,W 46 St & 11 Ave,15869
782,W 47 St & 10 Ave,16009
783,W 49 St & 8 Ave,16570
784,W 50 St & 9 Ave,9659
785,W 52 St & 11 Ave,16334
786,W 52 St & 5 Ave,16475
787,W 52 St & 6 Ave,18001
788,W 53 St & 10 Ave,13908
789,W 54 St & 9 Ave,11333
790,W 55 St & 6 Ave,4804
791,W 56 St & 10 Ave,10392
792,W 59 St & 10 Ave,12737
793,W 63 St & Broadway,14057
794,W 64 St & Thelonious Monk Circle,10416
795,W 67 St & Broadway,12183
796,W 70 St & Amsterdam Ave,11649
797,W 74 St & Columbus Ave,6186
798,W 76 St & Columbus Ave,7767
799,W 78 St & Broadway,6638
800,W 82 St & Central Park West,4890
801,W 84 St & Broadway,7569
802,W 84 St & Columbus Ave,7660
803,W 87 St & Amsterdam Ave,5739
804,W 87 St & West End Ave,2846
805,W 88 St & West End Ave,2561
806,W 89 St & Columbus Ave,7500
807,W 90 St & Amsterdam Ave,4371
808,W 92 St & Broadway,5420
809,W 95 St & Broadway,9344
810,W Broadway & Spring Street,20861
811,Warren St & Court St,4395
812,Washington Ave & Greene Ave,3691
813,Washington Ave & Park Ave,5759
814,Washington Park,4332
815,Washington Pl & 6 Ave,12049
816,Washington Pl & Broadway,13411
817,Washington St & Gansevoort St,26545
818,Water - Whitehall Plaza,8529
819,Waterbury St & Stagg St,1336
820,Watts St & Greenwich St,14427
821,West Drive & Prospect Park West,10962
822,West End Ave & W 107 St,4022
823,West End Ave & W 94 St,5754
824,West St & Chambers St,44585
825,West Thames St,16000
826,White St & Johnson Ave,742
827,White St & Moore St,2053
828,William St & Pine St,8927
829,Willoughby Ave & Hall St,5566
830,Willoughby Ave & Myrtle Ave,101
831,Willoughby Ave & Tompkins Ave,2467
832,Willoughby Ave & Walworth St,2697
833,Willoughby Ave & Wyckoff Ave,2007
834,Willoughby St & Fleet St,8245
835,Withers St & Kingsland Ave,75
836,Wolcott St & Dwight St,1062
837,Wyckoff Av & Jefferson St,3562
838,Wyckoff St & 3 Ave,3452
839,Wyckoff St & Bond St,1192
840,Wythe Ave & Metropolitan Ave,13887
841,Yankee Ferry Terminal,6224
842,York St,1
