,end station name,counts
0,1 Ave & E 110 St,2477
1,1 Ave & E 16 St,13953
2,1 Ave & E 18 St,10631
3,1 Ave & E 30 St,8004
4,1 Ave & E 44 St,7043
5,1 Ave & E 62 St,7932
6,1 Ave & E 68 St,11638
7,1 Ave & E 78 St,8552
8,1 Ave & E 94 St,2845
9,1 Pl & Clinton St,1690
10,10 Hudson Yards,852
11,10 St & 5 Ave,1227
12,10 St & 7 Ave,1967
13,11 Ave & W 27 St,9254
14,11 Ave & W 41 St,9174
15,11 Ave & W 59 St,7946
16,11 St & 35 Ave,239
17,11 St & 43 Ave,422
18,12 Ave & W 40 St,10089
19,12 St & 4 Ave,705
20,14 St & 5 Ave,1665
21,14 St & 7 Ave,1953
22,19 St & 24 Ave,781
23,2 Ave & 36 St - Citi Bike HQ at Industry City,1173
24,2 Ave & 9 St,639
25,2 Ave & E 104 St,2230
26,2 Ave & E 122 St,881
27,2 Ave & E 31 St,10567
28,2 Ave & E 72 St,3873
29,2 Ave & E 96 St,4533
30,2 Ave & E 99 St,1355
31,21 St & 31 Dr,949
32,21 St & 36 Ave,216
33,21 St & 38 Ave,178
34,21 St & 43 Ave,611
35,21 St & Hoyt Ave S,281
36,21 St & Queens Plaza North,1527
37,23 Ave & 27 St,374
38,24 Ave & 26 St,826
39,24 Ave & 29 St,560
40,24 St & 41 Ave,1130
41,27 Ave & 4 St,204
42,27 Ave & 9 St,325
43,27 St & Hunter St,1178
44,28 Ave & 35 St,817
45,28 Ave & 44 St,636
46,28 St & 36 Ave,552
47,28 St & 38 Ave,814
48,28 St & 41 Ave,1548
49,3 Ave & 14 St,920
50,3 Ave & E 100 St,782
51,3 Ave & E 112 St,779
52,3 Ave & E 62 St,3404
53,3 Ave & E 71 St,1601
54,3 Ave & E 72 St,2039
55,3 Ave & E 95 St,1940
56,3 Ave & Schermerhorn St,2931
57,3 St & 3 Ave,2159
58,3 St & 7 Ave,1767
59,3 St & Hoyt St,1271
60,3 St & Prospect Park West,2928
61,30 Ave & 21 St,427
62,31 Ave & 14 St,546
63,31 Ave & 30 St,742
64,31 Ave & 34 St,1227
65,31 Ave & Crescent St,763
66,31 Ave & Steinway St,941
67,31 St & 23 Ave,2297
68,31 St & 35 Ave,344
69,31 St & Astoria Blvd,1170
70,31 St & Broadway,1763
71,31 St & Hoyt Ave N,837
72,31 St & Newtown Ave,1420
73,31 St & Northern Blvd,545
74,31 St & Thomson Ave,896
75,34 Ave & 13 St,307
76,34 Ave & 21 St,600
77,34 Ave & 38 St,2089
78,34 St & 35 Ave,730
79,35 Ave & 10 St,524
80,35 Ave & 37 St,865
81,35 St & 34 Ave,585
82,35 St & Broadway,717
83,36 Ave & 10 St,467
84,36 Ave & 31 St,366
85,37 Ave & 35 St,563
86,37 St & 24 Ave,521
87,39 St & 2 Ave - Citi Bike HQ at Industry City,558
88,4 Ave & 2 St,972
89,4 Ave & 9 St,1512
90,40 Ave & 9 St,461
91,40 Ave & Crescent St,309
92,43 St & Broadway,1167
93,44 Dr & 21 St,2102
94,44 Dr & Jackson Ave,2138
95,45 Rd & 11 St,2110
96,46 Ave & 5 St,3018
97,47 Ave & 31 St,747
98,47 Ave & Skillman Ave,148
99,48 Ave & 30 Pl,418
100,48 Ave & 5 St,699
101,49 Ave & 21 St,833
102,5 Ave & 3 St,2775
103,5 Ave & E 103 St,3610
104,5 Ave & E 126 St,879
105,5 Ave & E 29 St,10082
106,5 Ave & E 63 St,2746
107,5 Ave & E 73 St,5952
108,5 Ave & E 78 St,5437
109,5 Ave & E 88 St,6406
110,5 Ave & E 93 St,2321
111,5 St & 51 Ave,621
112,5 St & 6 Ave,1468
113,5 St & Market St,805
114,58th St Depot,4
115,6 Ave & 12 St,1481
116,6 Ave & 9 St,2840
117,6 Ave & Broome St,2676
118,6 Ave & Canal St,9146
119,6 Ave & Spring St,5330
120,6 Ave & W 33 St,14632
121,6 St & 7 Ave,1909
122,7 Ave & Central Park South,4779
123,7 Ave & Park Pl,2567
124,7 St & 3 Ave,1028
125,7 St & 5 Ave,1206
126,8 Ave & W 31 St,21285
127,8 Ave & W 33 St,17382
128,8 Ave & W 52 St,8819
129,9 Ave & W 22 St,11735
130,9 Ave & W 28 St,7142
131,9 Ave & W 45 St,10630
132,9 St & 44 Rd,662
133,Adam Clayton Powell Blvd & W 115 St,988
134,Adam Clayton Powell Blvd & W 118 St,1271
135,Adam Clayton Powell Blvd & W 123 St,1465
136,Adam Clayton Powell Blvd & W 126 St,1227
137,Adelphi St & Myrtle Ave,3690
138,Albany Ave & Fulton St,468
139,Allen St & Hester St,7857
140,Allen St & Rivington St,8706
141,Allen St & Stanton St,10704
142,Amsterdam Ave & W 119 St,1315
143,Amsterdam Ave & W 125 St,1249
144,Amsterdam Ave & W 66 St,2887
145,Amsterdam Ave & W 73 St,9382
146,Amsterdam Ave & W 79 St,5279
147,Amsterdam Ave & W 82 St,5315
148,Astoria Park S & Shore Blvd,631
149,Atlantic Ave & Fort Greene Pl,2952
150,Atlantic Ave & Furman St,2808
151,Avenue C & E 18 St,1266
152,Avenue D & E 12 St,2255
153,Avenue D & E 3 St,5367
154,Avenue D & E 8 St,3622
155,Baltic St & 5 Ave,2515
156,Bank St & Hudson St,6238
157,Bank St & Washington St,5363
158,Banker St & Meserole Ave,2834
159,Barclay St & Church St,6023
160,Barrow St & Hudson St,10246
161,Bayard St & Baxter St,6451
162,Bayard St & Leonard St,1805
163,Bedford Ave & Bergen St,1917
164,Bedford Ave & Nassau Ave,4374
165,Bedford Ave & S 9 St,870
166,Bergen St & Flatbush Ave,2390
167,Bergen St & Smith St,6084
168,Bergen St & Vanderbilt Ave,2527
169,Berkeley Pl & 6 Ave,1699
170,Berkeley Pl & 7 Ave,4118
171,Berry St & N 8 St,4853
172,Bialystoker Pl & Delancey St,3163
173,Boerum St & Broadway,1175
174,Bond St & Bergen St,2353
175,Bond St & Fulton St,5012
176,Broad St & Bridge St,2395
177,Broadway & 12 St,696
178,Broadway & Battery Pl,9003
179,Broadway & Berry St,3831
180,Broadway & E 14 St,18349
181,Broadway & E 22 St,21998
182,Broadway & Moylan Pl,2075
183,Broadway & Roebling St,3547
184,Broadway & W 122 St,952
185,Broadway & W 25 St,14747
186,Broadway & W 29 St,11173
187,Broadway & W 32 St,11388
188,Broadway & W 36 St,7698
189,Broadway & W 37 St,4679
190,Broadway & W 38 St,8056
191,Broadway & W 41 St,14341
192,Broadway & W 49 St,12204
193,Broadway & W 51 St,7319
194,Broadway & W 53 St,6949
195,Broadway & W 56 St,13454
196,Broadway & W 60 St,13609
197,Broadway & Whipple St,1574
198,Bus Slip & State St,3112
199,Bushwick Ave & Powers St,1673
200,Butler St & Court St,1753
201,Cadman Plaza E & Johnson St,1508
202,Cadman Plaza E & Red Cross Pl,3684
203,Cadman Plaza E & Tillary St,1
204,Cadman Plaza West & Montague St,3710
205,Cambridge Pl & Gates Ave,1475
206,Canal St & Rutgers St,10119
207,Carlton Ave & Dean St,2282
208,Carlton Ave & Flushing Ave,2222
209,Carlton Ave & Park Ave,1987
210,Carmine St & 6 Ave,13519
211,Carroll St & 5 Ave,2162
212,Carroll St & 6 Ave,3201
213,Carroll St & Bond St,2158
214,Carroll St & Columbia St,1730
215,Carroll St & Franklin Ave,401
216,Carroll St & Smith St,3720
217,Carroll St & Washington Ave,559
218,Cathedral Pkwy & Broadway,2689
219,Catherine St & Monroe St,4635
220,Center Blvd & 48 Ave,1167
221,Center Blvd & 51 Ave,788
222,Central Park North & Adam Clayton Powell Blvd,4294
223,Central Park S & 6 Ave,9402
224,Central Park W & W 96 St,4318
225,Central Park West & W 100 St,2696
226,Central Park West & W 102 St,1621
227,Central Park West & W 68 St,6205
228,Central Park West & W 72 St,7710
229,Central Park West & W 76 St,4740
230,Central Park West & W 85 St,5939
231,Centre St & Chambers St,9171
232,Centre St & Worth St,3656
233,Cherry St,3115
234,Christopher St & Greenwich St,13582
235,Clark St & Henry St,4667
236,Classon Ave & St Marks Ave,2400
237,Clermont Ave & Lafayette Ave,1742
238,Clermont Ave & Park Ave,1640
239,Cleveland Pl & Spring St,12749
240,Cliff St & Fulton St,5795
241,Clinton Ave & Flushing Ave,1692
242,Clinton Ave & Myrtle Ave,4547
243,Clinton St & 4 Place,1682
244,Clinton St & Centre St,486
245,Clinton St & Grand St,9709
246,Clinton St & Joralemon St,4546
247,Clinton St & Union St,2236
248,Coffey St & Conover St,859
249,Columbia Heights & Cranberry St,1030
250,Columbia St & Degraw St,1708
251,Columbia St & Kane St,1546
252,Columbia St & Lorraine St,247
253,Columbia St & Rivington St,4458
254,Columbia St & W 9 St,555
255,Columbus Ave & W 103 St,1040
256,Columbus Ave & W 72 St,8576
257,Columbus Ave & W 95 St,5434
258,Columbus Drive,1
259,Commerce St & Van Brunt St,556
260,Concord St & Bridge St,1266
261,Congress St & Clinton St,2859
262,Cooper Square & Astor Pl,14863
263,Court St & Nelson St,1308
264,Court St & State St,5138
265,Crescent St & 30 Ave,590
266,Crescent St & 34 Ave,804
267,Crescent St & 35 Ave,447
268,Crescent St & Broadway,1040
269,Crescent St & Ditmars Blvd,502
270,Crown St & Bedford Ave,557
271,Cumberland St & Lafayette Ave,2652
272,DeKalb Ave & Hudson Ave,7033
273,DeKalb Ave & S Portland Ave,2383
274,DeKalb Ave & Skillman St,1328
275,DeKalb Ave & Vanderbilt Ave,2737
276,Dean St & 4 Ave,4547
277,Dean St & Franklin Ave,1670
278,Dean St & Hoyt St,1622
279,Degraw St & Hoyt St,1463
280,Degraw St & Smith St,2120
281,Devoe St & Lorimer St,2317
282,Ditmars Blvd & 19 St,821
283,Division Av & Hooper St,1324
284,Division Ave & Marcy Ave,696
285,Division St & Bowery,6057
286,Douglass St & 3 Ave,2761
287,Douglass St & 4 Ave,1941
288,Driggs Ave & Lorimer St,1835
289,Driggs Ave & N 9 St,5635
290,Driggs Ave & N Henry St,2958
291,Duane St & Greenwich St,3447
292,Duffield St & Willoughby St,3341
293,Dwight St & Van Dyke St,362
294,E 10 St & 5 Ave,5743
295,E 10 St & Avenue A,11778
296,E 102 St & 1 Ave,3584
297,E 102 St & Park Ave,1324
298,E 103 St & Lexington Ave,1940
299,E 106 St & 1 Ave,1000
300,E 106 St & Lexington Ave,1153
301,E 106 St & Madison Ave,1441
302,E 109 St & 3 Ave,1566
303,E 11 St & 1 Ave,10557
304,E 11 St & 2 Ave,11529
305,E 11 St & Avenue B,7559
306,E 11 St & Broadway,5328
307,E 110 St & Madison Ave,2626
308,E 114 St & 1 Ave,1074
309,E 115 St & Lexington Ave,1296
310,E 115 St & Madison Ave,865
311,E 116 St & 2 Ave,882
312,E 118 St & 1 Ave,1386
313,E 118 St & 3 Ave,1082
314,E 118 St & Madison Ave,1251
315,E 118 St & Park Ave,469
316,E 12 St & 3 Ave,2127
317,E 123 St & Lexington Ave,1074
318,E 128 St & Madison Ave,913
319,E 13 St & Avenue A,12821
320,E 15 St & 3 Ave,12110
321,E 16 St & 5 Ave,10964
322,E 16 St & Irving Pl,7396
323,E 17 St & Broadway,19959
324,E 19 St & 3 Ave,7760
325,E 2 St & 2 Ave,8183
326,E 2 St & Avenue A,8920
327,E 2 St & Avenue B,8503
328,E 2 St & Avenue C,5646
329,E 20 St & 2 Ave,10829
330,E 20 St & FDR Drive,10544
331,E 20 St & Park Ave,9315
332,E 23 St & 1 Ave,11309
333,E 24 St & Park Ave S,13068
334,E 25 St & 1 Ave,7754
335,E 25 St & 2 Ave,11066
336,E 27 St & 1 Ave,7999
337,E 30 St & Park Ave S,7579
338,E 31 St & 3 Ave,9819
339,E 32 St & Park Ave,12590
340,E 33 St & 1 Ave,11307
341,E 33 St & 5 Ave,8910
342,E 35 St & 3 Ave,2690
343,E 39 St & 2 Ave,9945
344,E 39 St & 3 Ave,9059
345,E 4 St & 2 Ave,9751
346,E 41 St & Madison Ave,9145
347,E 43 St & 2 Ave,1789
348,E 43 St & 5 Ave,7082
349,E 44 St & 2 Ave,1960
350,E 45 St & 3 Ave,6620
351,E 47 St & 1 Ave,3493
352,E 47 St & 2 Ave,6167
353,E 47 St & Park Ave,16058
354,E 48 St & 3 Ave,4960
355,E 48 St & 5 Ave,10965
356,E 5 St & Avenue C,4894
357,E 51 St & 1 Ave,3995
358,E 51 St & Lexington Ave,6305
359,E 52 St & 2 Ave,5295
360,E 53 St & 3 Ave,6207
361,E 53 St & Madison Ave,6413
362,E 55 St & 2 Ave,6018
363,E 55 St & 3 Ave,5772
364,E 55 St & Lexington Ave,4661
365,E 58 St &  1 Ave (NW Corner),864
366,E 58 St & 1 Ave,2633
367,E 58 St & 1 Ave (NE Corner),1280
368,E 58 St & 3 Ave,7747
369,E 58 St & Madison Ave,4497
370,E 59 St & Madison Ave,4718
371,E 6 St & Avenue B,8472
372,E 6 St & Avenue D,4798
373,E 60 St & York Ave,1906
374,E 65 St & 2 Ave,3014
375,E 66 St & Madison Ave,1650
376,E 67 St & Park Ave,1977
377,E 68 St & 3 Ave,2554
378,E 68 St & Madison Ave,1944
379,E 7 St & Avenue A,10938
380,E 71 St & 2 Ave,337
381,E 72 St & Park Ave,2859
382,E 72 St & York Ave,6507
383,E 74 St & 1 Ave,5064
384,E 75 St & 3 Ave,3269
385,E 76 St & Park Ave,3127
386,E 77 St & 3 Ave,3345
387,E 78 St & 2 Ave,2519
388,E 81 St & 2 Ave,3187
389,E 81 St & 3 Ave,3128
390,E 81 St & Park Ave,1382
391,E 81 St & York Ave,3582
392,E 82 St & East End Ave,2476
393,E 84 St & 1 Ave,4298
394,E 84 St & 3 Ave,1922
395,E 84 St & Park Ave,3247
396,E 85 St & 3 Ave,3088
397,E 85 St & York Ave,2624
398,E 88 St & 1 Ave,3625
399,E 88 St & Park Ave,2260
400,E 89 St & 3 Ave,3349
401,E 89 St & York Ave,2525
402,E 9 St & Avenue C,7274
403,E 91 St & 2 Ave,3944
404,E 91 St & Park Ave,2429
405,E 93 St & 2 Ave,2283
406,E 97 St & 3 Ave,1015
407,E 97 St & Madison Ave,3044
408,E 98 St & Park Ave,939
409,East End Ave & E 86 St,1249
410,Eastern Pkwy & Franklin Ave,2746
411,Eastern Pkwy & Washington Ave,1455
412,Eckford St & Engert Ave,1168
413,Emerson Pl & Myrtle Ave,2354
414,Essex Light Rail,1
415,FDR Drive & E 35 St,7257
416,Flushing Ave & Vanderbilt Ave,2782
417,Forsyth St & Broome St,9028
418,Forsyth St & Canal St,7058
419,Franklin Ave & Empire Blvd,1758
420,Franklin Ave & Myrtle Ave,887
421,Franklin Ave & St Marks Ave,1250
422,Franklin St & Dupont St,1800
423,Franklin St & W Broadway,4336
424,Frederick Douglass Blvd & W 112 St,3033
425,Frederick Douglass Blvd & W 115 St,2223
426,Frederick Douglass Blvd & W 117 St,3129
427,Frederick Douglass Blvd & W 129 St,887
428,Front St & Gold St,2071
429,Front St & Maiden Ln,4258
430,Front St & Washington St,5344
431,Frost St & Meeker Ave,585
432,Frost St & Meeker St,241
433,Fulton St & Adams St,5470
434,Fulton St & Broadway,7913
435,Fulton St & Clermont Ave,1118
436,Fulton St & Grand Ave,1919
437,Fulton St & Rockwell Pl,2655
438,Fulton St & Utica Ave,935
439,Fulton St & Waverly Ave,2822
440,Fulton St & William St,5666
441,Gansevoort St & Hudson St,9421
442,Garfield Pl & 8 Ave,2501
443,Gold St & Frankfort St,556
444,Graham Ave & Conselyea St,4006
445,Graham Ave & Grand St,1942
446,Graham Ave & Herbert St,1121
447,Graham Ave & Withers St,1738
448,Grand Army Plaza & Central Park S,9683
449,Grand Army Plaza & Plaza St West,3144
450,Grand Ave & Bergen St,2341
451,Grand St & Elizabeth St,13669
452,Grand St & Greene St,4344
453,Grand St & Havemeyer St,2990
454,Great Jones St,13360
455,Greene Ave & Nostrand Ave,1072
456,Greene Ave & Throop Ave,913
457,Greenpoint Ave & Manhattan Ave,3497
458,Greenwich Ave & Charles St,7266
459,Greenwich St & W Houston St,8041
460,Halsey St & Tompkins Ave,1184
461,Hancock St & Bedford Ave,1040
462,Handlebar @ Gowanus,13
463,Hanson Pl & Ashland Pl,7866
464,Harborside,3
465,Harrison St & Hudson St,3024
466,Henry St & Atlantic Ave,3883
467,Henry St & Bay St,184
468,Henry St & Degraw St,3406
469,Henry St & Grand St,7262
470,Henry St & Poplar St,1843
471,Henry St & W 9 St,450
472,Hicks St & Montague St,3924
473,Hope St & Union Ave,2746
474,Howard St & Centre St,7194
475,Hudson St & Reade St,5636
476,Humboldt St & Varet St,1212
477,Huron St & Franklin St,2892
478,India St & Manhattan Ave,2884
479,India St & West St,994
480,Jackson Ave & 46 Rd,1002
481,Jackson St & Leonard St,522
482,Jay St & Tech Pl,3729
483,Jay St & York St,5848
484,John St & William St,2248
485,Johnson St & Gold St,2543
486,Kane St & Clinton St,2827
487,Kent Ave & N 7 St,6509
488,Kent Ave & S 11 St,2969
489,Kingston Ave & Herkimer St,914
490,Kosciuszko St & Nostrand Ave,1037
491,Kosciuszko St & Tompkins Ave,1524
492,LaGuardia Pl & W 3 St,8511
493,Lafayette Ave & Classon Ave,2586
494,Lafayette Ave & Fort Greene Pl,3463
495,Lafayette Ave & St James Pl,2100
496,Lafayette St & E 8 St,16110
497,Lafayette St & Jersey St,10713
498,Laight St & Hudson St,1985
499,Lawrence St & Willoughby St,4341
500,Lefferts Pl & Franklin Ave,1428
501,Lenox Ave & W 111 St,4301
502,Lenox Ave & W 115 St,1513
503,Lenox Ave & W 117 St,2483
504,Lenox Ave & W 126 St,2460
505,Lenox Ave & W 130 St,2134
506,Leonard St & Boerum St,937
507,Leonard St & Church St,4262
508,Leonard St & Maujer St,1495
509,Leonard St & Nassau Ave,3199
510,Lewis Ave & Decatur St,635
511,Lewis Ave & Kosciuszko St,1056
512,Lewis Ave & Madison St,1296
513,Lexington Ave & Classon Ave,1770
514,Lexington Ave & E 111 St,1616
515,Lexington Ave & E 120 St,838
516,Lexington Ave & E 127 St,698
517,Lexington Ave & E 26 St,4874
518,Lexington Ave & E 29 St,8408
519,Lexington Ave & E 36 St,1157
520,Lexington Ave & E 63 St,4504
521,Liberty St & Broadway,7797
522,Lincoln Pl & Classon Ave,752
523,Lispenard St & Broadway,6990
524,Little West St & 1 Pl,6108
525,Lorimer St & Broadway,1026
526,MacDougal St & Prince St,9797
527,MacDougal St & Washington Sq,5994
528,Macon St & Nostrand Ave,3067
529,Madison Ave & E 120 St,825
530,Madison Ave & E 82 St,2928
531,Madison Ave & E 99 St,2300
532,Madison St & Clinton St,3883
533,Madison St & Montgomery St,3422
534,Maiden Ln & Pearl St,3823
535,Marcus Garvey Blvd & Macon St,922
536,Marcy Ave & Lafayette Ave,587
537,Marin Light Rail,1
538,Market St & Cherry St,3254
539,McGuinness Blvd & Eagle St,2839
540,McKibbin St & Manhattan Ave,748
541,Mercer St & Bleecker St,8322
542,Mercer St & Spring St,6232
543,Meserole Ave & Manhattan Ave,3960
544,Metropolitan Ave & Bedford Ave,8080
545,Metropolitan Ave & Meeker Ave,2901
546,Milton St & Franklin St,4904
547,Monroe St & Bedford Ave,2300
548,Monroe St & Classon Ave,1093
549,Monroe St & Tompkins Ave,1517
550,Montgomery St & Franklin Ave,394
551,Montrose Ave & Bushwick Ave,2326
552,Morningside Ave & W 123 St,1328
553,Morningside Dr & Amsterdam Ave,710
554,Mott St & Prince St,7804
555,Mt Morris Park W & W 120 St,1627
556,Murray St & Greenwich St,6201
557,Murray St & West St,5846
558,Myrtle Ave & Lewis Ave,2507
559,Myrtle Ave & Marcy Ave,1258
560,Myrtle Ave & St Edwards St,1262
561,N 11 St & Kent Ave,1457
562,N 12 St & Bedford Ave,2742
563,N 15 St & Wythe Ave,1418
564,N 6 St & Bedford Ave,7432
565,NYCBS DEPOT - DELANCEY,63
566,NYCBS Depot - GOW,446
567,NYCBS Depot BAL - DYR,1
568,Nassau Ave & Newell St,2467
569,Nassau Ave & Russell St,3600
570,Nassau St & Navy St,1720
571,Newark Ave,1
572,Newton Rd & 44 St,572
573,Newtown Ave & 23 St,737
574,Norfolk St & Broome St,6870
575,North Moore St & Greenwich St,11144
576,Nostrand Ave & Myrtle Ave,778
577,Old Fulton St,5420
578,Old Slip & Front St,3531
579,Pacific St & Classon Ave,726
580,Pacific St & Nevins St,1996
581,Park Ave & E 124 St,5297
582,Park Ave & Marcus Garvey Blvd,872
583,Park Ave & St Edwards St,849
584,Park Pl & Church St,4201
585,Park Pl & Franklin Ave,1091
586,Park Pl & Vanderbilt Ave,2943
587,Paulus Hook,3
588,Pearl St & Anchorage Pl,2995
589,Pearl St & Hanover Square,4713
590,Peck Slip & Front St,4793
591,Perry St & Bleecker St,4560
592,Pershing Square North,28017
593,Pershing Square South,12287
594,Pier 40 - Hudson River Park,5797
595,Pierrepont St & Monroe Pl,1034
596,Pike St & E Broadway,5360
597,Pike St & Monroe St,3695
598,Pioneer St & Richards St,431
599,Pioneer St & Van Brunt St,973
600,Pitt St & Stanton St,1636
601,Plaza St West & Flatbush Ave,3364
602,Pleasant Ave & E 116 St,2700
603,Pleasant Ave & E 120 St,888
604,President St & Henry St,1807
605,Prospect Park West & 8 St,1988
606,Prospect Pl & 6 Ave,1752
607,Prospect Pl & Underhill Ave,1771
608,Pulaski St & Marcus Garvey Blvd,705
609,Putnam Ave & Nostrand Ave,805
610,Putnam Ave & Throop Ave,1195
611,Queens Plaza North & Crescent St,3652
612,Railroad Ave & Kay Ave,124
613,Reade St & Broadway,4568
614,Richards St & Delavan St,468
615,Richardson St & N Henry St,2097
616,Riverside Blvd & W 67 St,3695
617,Riverside Dr & W 104 St,1411
618,Riverside Dr & W 72 St,3327
619,Riverside Dr & W 78 St,1540
620,Riverside Dr & W 82 St,2483
621,Riverside Dr & W 91 St,1276
622,Riverview Park,2
623,Rivington St & Chrystie St,5171
624,Rivington St & Ridge St,4532
625,Roebling St & N 4 St,2195
626,Rogers Ave & Sterling St,695
627,S 3 St & Bedford Ave,3499
628,S 4 St & Rodney St,2147
629,S 4 St & Wythe Ave,6284
630,S 5 Pl & S 5 St,5481
631,S Portland Ave & Atlantic Ave,24
632,S Portland Ave & Hanson Pl,2234
633,Schermerhorn St & Bond St,4475
634,Schermerhorn St & Court St,3234
635,Scholes St & Manhattan Ave,1764
636,Sigourney St & Columbia St,598
637,Smith St & 3 St,1975
638,Smith St & 9 St,2265
639,South End Ave & Liberty St,10778
640,South St & Gouverneur Ln,5947
641,South St & Whitehall St,3632
642,Spruce St & Nassau St,2205
643,St James Pl & Oliver St,4301
644,St James Pl & Pearl St,2173
645,St Johns Pl & Washington Ave,1817
646,St Marks Pl & 1 Ave,9864
647,St Marks Pl & 2 Ave,10050
648,St Nicholas Ave & Manhattan Ave,2640
649,St. Nicholas Ave & W 126 St,1898
650,Stagg St & Union Ave,2491
651,Stanton St & Chrystie St,7397
652,Stanton St & Mangin St,3127
653,Stanton St & Norfolk St,2134
654,State St & Smith St,3165
655,Steinway St & 23 Ave,666
656,Steinway St & 28 Ave,810
657,Sterling Pl & 7 Ave,1223
658,Sterling Pl & Bedford Ave,1392
659,Sterling St & Bedford Ave,475
660,Suffolk St & Stanton St,7933
661,Sullivan Pl & Bedford Ave,355
662,Sullivan St & Washington Sq,7372
663,Throop Ave & Myrtle Ave,605
664,Tompkins Ave & Hopkins St,1048
665,Underhill Ave & Lincoln Pl,2185
666,Underhill Ave & Pacific St,1543
667,Union Ave & Jackson St,1273
668,Union Ave & N 12 St,2890
669,Union Ave & Wallabout St,683
670,Union St & 4 Ave,2582
671,Union St & Bedford Ave,561
672,Union St & Nevins St,1599
673,University Pl & E 14 St,13325
674,University Pl & E 8 St,7402
675,Van Brunt St & Van Dyke St,1415
676,Van Brunt St & Wolcott St,1168
677,Vernon Blvd & 10 St,948
678,Vernon Blvd & 30 Rd,817
679,Vernon Blvd & 31 Ave,718
680,Vernon Blvd & 41 Rd,379
681,Vernon Blvd & 47 Rd,1413
682,Vernon Blvd & 50 Ave,4631
683,Verona Pl & Fulton St,1185
684,Vesey Pl & River Terrace,9719
685,W 100 St & Broadway,3796
686,W 100 St & Manhattan Ave,2628
687,W 104 St & Amsterdam Ave,1664
688,W 106 St & Amsterdam Ave,2231
689,W 106 St & Central Park West,2674
690,W 107 St & Columbus Ave,1571
691,W 11 St & 6 Ave,7830
692,W 110 St & Amsterdam Ave,2095
693,W 113 St & Broadway,1793
694,W 116 St & Amsterdam Ave,1944
695,W 116 St & Broadway,1693
696,W 12 St & W 4 St,5992
697,W 120 St & Claremont Ave,1049
698,W 129 St & Convent Ave,828
699,W 13 St & 5 Ave,3420
700,W 13 St & 7 Ave,9702
701,W 15 St & 10 Ave,6072
702,W 15 St & 6 Ave,8867
703,W 15 St & 7 Ave,9162
704,W 16 St & 8 Ave,16141
705,W 16 St & The High Line,7914
706,W 17 St & 9 Ave,3572
707,W 18 St & 6 Ave,12762
708,W 18 St & 9 Ave,5748
709,W 20 St & 11 Ave,15409
710,W 20 St & 7 Ave,9666
711,W 20 St & 8 Ave,8491
712,W 21 St & 6 Ave,21083
713,W 22 St & 10 Ave,9850
714,W 22 St & 8 Ave,9925
715,W 24 St & 7 Ave,12268
716,W 25 St & 6 Ave,11007
717,W 26 St & 10 Ave,7716
718,W 26 St & 8 Ave,11325
719,W 27 St & 10 Ave,10567
720,W 27 St & 7 Ave,11734
721,W 31 St & 7 Ave,14947
722,W 33 St & 7 Ave,14751
723,W 34 St & 11 Ave,7193
724,W 35 St & Dyer Ave,4573
725,W 37 St & 10 Ave,8078
726,W 37 St & 5 Ave,7069
727,W 38 St & 8 Ave,15493
728,W 4 St & 7 Ave S,9782
729,W 41 St & 8 Ave,16711
730,W 42 St & 8 Ave,8822
731,W 42 St & Dyer Ave,8488
732,W 43 St & 10 Ave,8601
733,W 43 St & 6 Ave,9167
734,W 44 St & 5 Ave,7042
735,W 45 St & 6 Ave,4438
736,W 45 St & 8 Ave,8750
737,W 46 St & 11 Ave,6712
738,W 47 St & 10 Ave,7921
739,W 49 St & 8 Ave,8948
740,W 50 St & 9 Ave,4092
741,W 52 St & 11 Ave,6645
742,W 52 St & 5 Ave,7294
743,W 52 St & 6 Ave,12883
744,W 53 St & 10 Ave,7955
745,W 54 St & 9 Ave,5904
746,W 55 St & 6 Ave,8236
747,W 56 St & 10 Ave,6304
748,W 59 St & 10 Ave,5421
749,W 63 St & Broadway,8044
750,W 64 St & Thelonious Monk Circle,5873
751,W 67 St & Broadway,6621
752,W 70 St & Amsterdam Ave,5990
753,W 74 St & Columbus Ave,3425
754,W 76 St & Columbus Ave,3805
755,W 78 St & Broadway,3461
756,W 82 St & Central Park West,3548
757,W 84 St & Broadway,3705
758,W 84 St & Columbus Ave,4470
759,W 87 St & Amsterdam Ave,3034
760,W 88 St & West End Ave,2452
761,W 89 St & Columbus Ave,3561
762,W 90 St & Amsterdam Ave,2452
763,W 92 St & Broadway,3283
764,W 95 St & Broadway,4564
765,W Broadway & Spring Street,7362
766,Warren St & Court St,2205
767,Washington Ave & Greene Ave,1948
768,Washington Ave & Park Ave,2746
769,Washington Park,2180
770,Washington Pl & 6 Ave,5198
771,Washington Pl & Broadway,7685
772,Washington St & Gansevoort St,8488
773,Water - Whitehall Plaza,3572
774,Watts St & Greenwich St,6100
775,West Drive & Prospect Park West,5081
776,West End Ave & W 107 St,2029
777,West End Ave & W 94 St,2429
778,West St & Chambers St,12246
779,West Thames St,5816
780,William St & Pine St,4339
781,Willoughby Ave & Hall St,2994
782,Willoughby Ave & Tompkins Ave,979
783,Willoughby Ave & Walworth St,1082
784,Willoughby St & Fleet St,5159
785,Wolcott St & Dwight St,489
786,Wyckoff St & 3 Ave,1982
787,Wyckoff St & Bond St,543
788,Wythe Ave & Metropolitan Ave,6091
