,end station name,counts
0,1 Ave & E 110 St,3804
1,1 Ave & E 16 St,22991
2,1 Ave & E 18 St,15538
3,1 Ave & E 30 St,11960
4,1 Ave & E 44 St,10512
5,1 Ave & E 62 St,13457
6,1 Ave & E 68 St,17666
7,1 Ave & E 78 St,13645
8,1 Ave & E 94 St,4632
9,1 Pl & Clinton St,3056
10,10 Ave & W 28 St,304
11,10 Hudson Yards,1150
12,10 St & 2 Ave,140
13,10 St & 5 Ave,2066
14,10 St & 7 Ave,3324
15,11 Ave & W 27 St,19078
16,11 Ave & W 41 St,16097
17,11 Ave & W 59 St,15812
18,11 St & 35 Ave,346
19,11 St & 43 Ave,794
20,12 Ave & W 40 St,33466
21,12 St & 4 Ave,1354
22,14 St & 5 Ave,3404
23,14 St & 7 Ave,3352
24,19 St & 24 Ave,1788
25,2 Ave & 36 St - Citi Bike HQ at Industry City,2469
26,2 Ave & 9 St,707
27,2 Ave & E 104 St,3560
28,2 Ave & E 122 St,1601
29,2 Ave & E 31 St,16866
30,2 Ave & E 72 St,7773
31,2 Ave & E 96 St,7646
32,2 Ave & E 99 St,2253
33,21 St & 31 Dr,1958
34,21 St & 36 Ave,400
35,21 St & 38 Ave,526
36,21 St & 43 Ave,1126
37,21 St & Hoyt Ave S,1234
38,21 St & Queens Plaza North,2866
39,23 Ave & 27 St,866
40,24 Ave & 26 St,1528
41,24 Ave & 29 St,1387
42,24 St & 41 Ave,1757
43,27 Ave & 4 St,562
44,27 Ave & 9 St,933
45,27 St & Hunter St,2402
46,28 Ave & 35 St,1626
47,28 Ave & 44 St,1413
48,28 St & 36 Ave,924
49,28 St & 38 Ave,1438
50,28 St & 41 Ave,2735
51,3 Ave & 14 St,1836
52,3 Ave & Carroll St,1468
53,3 Ave & E 100 St,1355
54,3 Ave & E 112 St,1335
55,3 Ave & E 62 St,5542
56,3 Ave & E 71 St,2382
57,3 Ave & E 72 St,3187
58,3 Ave & E 95 St,2971
59,3 Ave & Schermerhorn St,5306
60,3 St & 3 Ave,4129
61,3 St & 7 Ave,4439
62,3 St & Hoyt St,1983
63,3 St & Prospect Park West,6216
64,30 Ave & 21 St,986
65,31 Ave & 14 St,1123
66,31 Ave & 30 St,1569
67,31 Ave & 34 St,2557
68,31 Ave & Crescent St,1425
69,31 Ave & Steinway St,2058
70,31 St & 23 Ave,5166
71,31 St & Astoria Blvd,1613
72,31 St & Broadway,4028
73,31 St & Hoyt Ave N,882
74,31 St & Newtown Ave,4601
75,31 St & Northern Blvd,1147
76,31 St & Thomson Ave,1564
77,34 Ave & 13 St,568
78,34 Ave & 21 St,963
79,34 Ave & 38 St,3770
80,34 St & 35 Ave,1353
81,35 Ave & 10 St,1267
82,35 Ave & 37 St,1682
83,35 St & 34 Ave,1289
84,35 St & Broadway,1447
85,36 Ave & 10 St,1583
86,36 Ave & 31 St,1661
87,37 Ave & 35 St,1082
88,37 St & 24 Ave,1009
89,39 St & 2 Ave - Citi Bike HQ at Industry City,1180
90,4 Ave & 2 St,427
91,4 Ave & 9 St,2837
92,40 Ave & 9 St,1022
93,40 Ave & Crescent St,540
94,43 St & Broadway,2534
95,44 Dr & 21 St,3397
96,44 Dr & Jackson Ave,4598
97,45 Rd & 11 St,3736
98,46 Ave & 5 St,5344
99,47 Ave & 31 St,1383
100,47 Ave & Skillman Ave,710
101,48 Ave & 30 Pl,692
102,48 Ave & 5 St,1465
103,49 Ave & 21 St,1712
104,5 Ave & 3 St,5196
105,5 Ave & E 103 St,7684
106,5 Ave & E 126 St,1584
107,5 Ave & E 29 St,16616
108,5 Ave & E 63 St,6902
109,5 Ave & E 73 St,17710
110,5 Ave & E 78 St,11884
111,5 Ave & E 88 St,17586
112,5 Ave & E 93 St,6019
113,5 St & 51 Ave,1269
114,5 St & 6 Ave,1889
115,5 St & Market St,1246
116,6 Ave & 12 St,2519
117,6 Ave & 9 St,3965
118,6 Ave & Broome St,14410
119,6 Ave & Canal St,16940
120,6 Ave & W 33 St,8620
121,6 St & 7 Ave,2330
122,7 Ave & Central Park South,16633
123,7 Ave & Park Pl,6163
124,7 St & 3 Ave,1932
125,7 St & 5 Ave,2348
126,8 Ave & W 31 St,33464
127,8 Ave & W 33 St,25076
128,8 Ave & W 52 St,15866
129,9 Ave & W 18 St,4389
130,9 Ave & W 22 St,6344
131,9 Ave & W 28 St,12395
132,9 Ave & W 45 St,17237
133,9 St & 44 Rd,1693
134,Adam Clayton Powell Blvd & W 115 St,1825
135,Adam Clayton Powell Blvd & W 118 St,2002
136,Adam Clayton Powell Blvd & W 123 St,2487
137,Adam Clayton Powell Blvd & W 126 St,2415
138,Adelphi St & Myrtle Ave,5231
139,Albany Ave & Fulton St,895
140,Allen St & Hester St,14451
141,Allen St & Rivington St,15105
142,Allen St & Stanton St,19592
143,Amsterdam Ave & W 119 St,1961
144,Amsterdam Ave & W 125 St,2544
145,Amsterdam Ave & W 66 St,4959
146,Amsterdam Ave & W 73 St,14024
147,Amsterdam Ave & W 79 St,9030
148,Amsterdam Ave & W 82 St,8475
149,Astoria Park S & Shore Blvd,1865
150,Atlantic Ave & Fort Greene Pl,5558
151,Atlantic Ave & Furman St,9908
152,Avenue C & E 18 St,7043
153,Avenue D & E 12 St,4707
154,Avenue D & E 3 St,7174
155,Avenue D & E 8 St,5955
156,Baltic St & 5 Ave,4376
157,Bank St & Hudson St,12329
158,Bank St & Washington St,11264
159,Banker St & Meserole Ave,4501
160,Barclay St & Church St,12013
161,Barrow St & Hudson St,18063
162,Bayard St & Baxter St,10697
163,Bayard St & Leonard St,3332
164,Bedford Ave & Bergen St,3707
165,Bedford Ave & Nassau Ave,8093
166,Bedford Ave & S 9 St,2082
167,Bergen St & Flatbush Ave,4573
168,Bergen St & Smith St,11169
169,Bergen St & Vanderbilt Ave,4934
170,Berkeley Pl & 6 Ave,2655
171,Berkeley Pl & 7 Ave,6391
172,Berry St & N 8 St,9120
173,Bialystoker Pl & Delancey St,4596
174,Boerum St & Broadway,2467
175,Bond St & Bergen St,3834
176,Bond St & Fulton St,9208
177,Broad St & Bridge St,4314
178,Broadway & 12 St,1332
179,Broadway & Battery Pl,16731
180,Broadway & Berry St,7748
181,Broadway & E 14 St,33037
182,Broadway & E 22 St,34988
183,Broadway & Moylan Pl,5404
184,Broadway & Roebling St,6171
185,Broadway & W 122 St,1560
186,Broadway & W 25 St,23939
187,Broadway & W 29 St,22270
188,Broadway & W 32 St,5898
189,Broadway & W 36 St,4234
190,Broadway & W 37 St,15828
191,Broadway & W 38 St,12913
192,Broadway & W 41 St,20773
193,Broadway & W 49 St,19137
194,Broadway & W 51 St,11246
195,Broadway & W 53 St,12229
196,Broadway & W 56 St,12610
197,Broadway & W 60 St,30279
198,Broadway & Whipple St,2589
199,Brooklyn Bridge Park - Pier 2,1281
200,Bus Slip & State St,9549
201,Bushwick Ave & McKibbin St,682
202,Bushwick Ave & Powers St,2771
203,Bushwick Ave & Stagg St,380
204,Butler St & Court St,2694
205,Cadman Plaza E & Johnson St,3988
206,Cadman Plaza E & Red Cross Pl,7604
207,Cadman Plaza West & Montague St,6041
208,Cambridge Pl & Gates Ave,2640
209,Canal St & Rutgers St,17354
210,Carlton Ave & Dean St,3834
211,Carlton Ave & Flushing Ave,4155
212,Carlton Ave & Park Ave,2841
213,Carmine St & 6 Ave,25745
214,Carroll St & 5 Ave,4114
215,Carroll St & 6 Ave,4307
216,Carroll St & Bond St,3988
217,Carroll St & Columbia St,3329
218,Carroll St & Franklin Ave,665
219,Carroll St & Smith St,5709
220,Carroll St & Washington Ave,1406
221,Cathedral Pkwy & Broadway,4943
222,Catherine St & Monroe St,6738
223,Cedar St & Myrtle Ave,1998
224,Center Blvd & 48 Ave,2479
225,Center Blvd & 51 Ave,3332
226,Central Ave & Flushing Ave,1052
227,Central Ave & Starr Street,1567
228,Central Park North & Adam Clayton Powell Blvd,12102
229,Central Park S & 6 Ave,24055
230,Central Park W & W 96 St,11037
231,Central Park West & W 100 St,7485
232,Central Park West & W 102 St,3015
233,Central Park West & W 68 St,15134
234,Central Park West & W 72 St,18354
235,Central Park West & W 76 St,9937
236,Central Park West & W 85 St,13131
237,Centre St & Chambers St,18065
238,Centre St & Worth St,7092
239,Cherry St,7146
240,Christopher St & Greenwich St,29597
241,City Hall,9
242,Clark St & Henry St,8097
243,Classon Ave & St Marks Ave,3789
244,Clermont Ave & Lafayette Ave,2971
245,Clermont Ave & Park Ave,2484
246,Cleveland Pl & Spring St,24059
247,Cliff St & Fulton St,8493
248,Cliff St & Fulton St (Old),1629
249,Clinton Ave & Flushing Ave,3379
250,Clinton Ave & Myrtle Ave,7422
251,Clinton St & 4 Place,2919
252,Clinton St & Centre St,838
253,Clinton St & Grand St,15178
254,Clinton St & Joralemon St,7016
255,Clinton St & Union St,3665
256,Coffey St & Conover St,2018
257,Columbia Heights & Cranberry St,2435
258,Columbia St & Degraw St,3452
259,Columbia St & Kane St,3266
260,Columbia St & Lorraine St,433
261,Columbia St & Rivington St,6187
262,Columbia St & W 9 St,839
263,Columbus Ave & W 103 St,1109
264,Columbus Ave & W 72 St,13771
265,Columbus Ave & W 95 St,8752
266,Columbus Drive,1
267,Commerce St & Van Brunt St,1308
268,Concord St & Bridge St,2875
269,Congress St & Clinton St,5113
270,Cooper Square & Astor Pl,22798
271,Court St & Nelson St,2532
272,Court St & State St,7674
273,Crescent St & 30 Ave,1361
274,Crescent St & 34 Ave,1278
275,Crescent St & 35 Ave,966
276,Crescent St & Broadway,2143
277,Crescent St & Ditmars Blvd,1138
278,Crown St & Bedford Ave,891
279,Cumberland St & Lafayette Ave,4403
280,DeKalb Ave & Franklin Ave,2341
281,DeKalb Ave & Hudson Ave,9537
282,DeKalb Ave & S Portland Ave,5391
283,DeKalb Ave & Vanderbilt Ave,5080
284,Dean St & 4 Ave,7701
285,Dean St & Franklin Ave,3154
286,Dean St & Hoyt St,3277
287,Degraw St & Hoyt St,2472
288,Degraw St & Smith St,3672
289,Devoe St & Lorimer St,4593
290,Devoe St & Morgan Ave,757
291,Ditmars Blvd & 19 St,2154
292,Division Av & Hooper St,2462
293,Division Ave & Marcy Ave,1208
294,Division St & Bowery,9827
295,Dock 72 Way & Market St,726
296,Douglass St & 3 Ave,4381
297,Douglass St & 4 Ave,3514
298,Driggs Ave & Lorimer St,3901
299,Driggs Ave & N 9 St,8859
300,Driggs Ave & N Henry St,4729
301,Duane St & Greenwich St,6167
302,Duffield St & Willoughby St,5922
303,Dwight St & Van Dyke St,876
304,E 10 St & 5 Ave,11051
305,E 10 St & Avenue A,21759
306,E 102 St & 1 Ave,5916
307,E 102 St & Park Ave,2566
308,E 103 St & Lexington Ave,3482
309,E 106 St & 1 Ave,2064
310,E 106 St & Lexington Ave,2142
311,E 106 St & Madison Ave,2682
312,E 109 St & 3 Ave,2545
313,E 11 St & 1 Ave,16994
314,E 11 St & 2 Ave,13978
315,E 11 St & Avenue B,12237
316,E 11 St & Broadway,1636
317,E 110 St & Madison Ave,4862
318,E 114 St & 1 Ave,2108
319,E 115 St & Lexington Ave,2587
320,E 115 St & Madison Ave,1899
321,E 116 St & 2 Ave,1948
322,E 118 St & 1 Ave,2415
323,E 118 St & 3 Ave,2266
324,E 118 St & Madison Ave,1835
325,E 118 St & Park Ave,1265
326,E 12 St & 3 Ave,15816
327,E 12 St & 4 Av,3547
328,E 123 St & Lexington Ave,2166
329,E 128 St & Madison Ave,1614
330,E 13 St & Avenue A,20946
331,E 15 St & 3 Ave,16886
332,E 16 St & 5 Ave,18214
333,E 16 St & Irving Pl,11952
334,E 17 St & Broadway,33489
335,E 19 St & 3 Ave,11558
336,E 2 St & 2 Ave,14608
337,E 2 St & Avenue A,15455
338,E 2 St & Avenue B,16122
339,E 2 St & Avenue C,9925
340,E 20 St & 2 Ave,16573
341,E 20 St & FDR Drive,15612
342,E 20 St & Park Ave,15217
343,E 23 St & 1 Ave,16881
344,E 24 St & Park Ave S,22619
345,E 25 St & 1 Ave,10854
346,E 25 St & 2 Ave,16345
347,E 27 St & 1 Ave,11469
348,E 30 St & Park Ave S,12884
349,E 31 St & 3 Ave,15044
350,E 32 St & Park Ave,18328
351,E 33 St & 1 Ave,16723
352,E 33 St & 5 Ave,13189
353,E 39 St & 2 Ave,16713
354,E 39 St & 3 Ave,14643
355,E 4 St & 2 Ave,16236
356,E 41 St & Madison Ave,12654
357,E 43 St & 2 Ave,6306
358,E 43 St & 5 Ave,9776
359,E 45 St & 3 Ave,10642
360,E 47 St & 1 Ave,5772
361,E 47 St & 2 Ave,10070
362,E 47 St & Park Ave,22173
363,E 48 St & 3 Ave,7889
364,E 48 St & 5 Ave,18163
365,E 5 St & Avenue C,7259
366,E 51 St & 1 Ave,6996
367,E 51 St & Lexington Ave,8691
368,E 52 St & 2 Ave,10643
369,E 53 St & 3 Ave,10050
370,E 53 St & Madison Ave,9620
371,E 55 St & 2 Ave,7194
372,E 55 St & 3 Ave,7205
373,E 55 St & Lexington Ave,8437
374,E 58 St &  1 Ave (NW Corner),5919
375,E 58 St & 1 Ave (NE Corner),3778
376,E 58 St & 3 Ave,12972
377,E 58 St & Madison Ave,2221
378,E 59 St & Madison Ave,8884
379,E 6 St & Avenue B,14586
380,E 6 St & Avenue D,8941
381,E 60 St & York Ave,3636
382,E 65 St & 2 Ave,5022
383,E 66 St & Madison Ave,3121
384,E 67 St & Park Ave,2952
385,E 68 St & 3 Ave,3773
386,E 68 St & Madison Ave,3403
387,E 7 St & Avenue A,18937
388,E 72 St & Park Ave,5252
389,E 72 St & York Ave,9652
390,E 74 St & 1 Ave,7930
391,E 75 St & 3 Ave,4770
392,E 76 St & Park Ave,4839
393,E 77 St & 3 Ave,5015
394,E 78 St & 2 Ave,4237
395,E 81 St & 2 Ave,5356
396,E 81 St & 3 Ave,4209
397,E 81 St & Park Ave,1947
398,E 81 St & York Ave,5630
399,E 82 St & East End Ave,4062
400,E 84 St & 1 Ave,6985
401,E 84 St & 3 Ave,8818
402,E 84 St & Park Ave,4715
403,E 85 St & York Ave,3541
404,E 88 St & 1 Ave,6138
405,E 88 St & Park Ave,3870
406,E 89 St & 3 Ave,5823
407,E 89 St & York Ave,4487
408,E 9 St & Avenue C,11623
409,E 91 St & 2 Ave,6610
410,E 91 St & Park Ave,4166
411,E 93 St & 2 Ave,3722
412,E 97 St & 3 Ave,1796
413,E 97 St & Madison Ave,5407
414,E 98 St & Park Ave,1462
415,East End Ave & E 86 St,3028
416,Eastern Pkwy & Franklin Ave,4613
417,Eastern Pkwy & Washington Ave,3556
418,Eckford St & Engert Ave,1968
419,Emerson Pl & Myrtle Ave,4438
420,Essex Light Rail,1
421,Exchange Place,1
422,FDR Drive & E 35 St,16270
423,Flushing Ave & Vanderbilt Ave,5265
424,Forsyth St & Broome St,15427
425,Forsyth St & Canal St,14291
426,Franklin Ave & Empire Blvd,4620
427,Franklin Ave & Myrtle Ave,2196
428,Franklin Ave & St Marks Ave,2795
429,Franklin St & Dupont St,4397
430,Franklin St & W Broadway,8347
431,Frederick Douglass Blvd & W 112 St,5466
432,Frederick Douglass Blvd & W 115 St,3926
433,Frederick Douglass Blvd & W 117 St,5736
434,Frederick Douglass Blvd & W 129 St,2014
435,Front St & Gold St,4546
436,Front St & Maiden Ln,9191
437,Front St & Washington St,10665
438,Frost St & Meeker Ave,1762
439,Fulton St & Adams St,8911
440,Fulton St & Broadway,13503
441,Fulton St & Clermont Ave,2135
442,Fulton St & Grand Ave,3635
443,Fulton St & Rockwell Pl,4280
444,Fulton St & Utica Ave,2390
445,Fulton St & Waverly Ave,4522
446,Fulton St & William St,8046
447,Gansevoort St & Hudson St,19342
448,Garfield Pl & 8 Ave,3318
449,George St & Wilson Ave,1236
450,Graham Ave & Conselyea St,7046
451,Graham Ave & Grand St,4160
452,Graham Ave & Herbert St,2288
453,Graham Ave & Withers St,3142
454,Grand Army Plaza & Central Park S,22628
455,Grand Army Plaza & Plaza St West,8019
456,Grand Ave & Bergen St,3456
457,Grand St,1
458,Grand St & Elizabeth St,22148
459,Grand St & Havemeyer St,6447
460,Great Jones St,22272
461,Greene Av & Myrtle Av,1581
462,Greene Ave & Nostrand Ave,2221
463,Greene Ave & Throop Ave,1898
464,Greenpoint Ave & Manhattan Ave,5515
465,Greenwich Ave & 8 Ave,13890
466,Greenwich Ave & Charles St,13801
467,Greenwich St & W Houston St,17588
468,Halsey St & Tompkins Ave,2369
469,Hamilton Park,1
470,Hancock St & Bedford Ave,2032
471,Handlebar @ Gowanus,16
472,Hanson Pl & Ashland Pl,11632
473,Harrison St & Hudson St,5693
474,Hart St & Wyckoff Ave,476
475,Heights Elevator,2
476,Henry St & Atlantic Ave,6125
477,Henry St & Bay St,671
478,Henry St & Degraw St,4558
479,Henry St & Grand St,10158
480,Henry St & Middagh St,2340
481,Henry St & Poplar St,1804
482,Henry St & W 9 St,710
483,Hicks St & Montague St,7010
484,Hoboken Ave at Monmouth St,1
485,Hope St & Union Ave,5313
486,Howard St & Centre St,13302
487,Hudson St & Reade St,9318
488,Humboldt St & Varet St,1700
489,Huron St & Franklin St,5859
490,India St & Manhattan Ave,5098
491,India St & West St,3251
492,Irving Ave & DeKalb Ave,500
493,Irving Ave & Jefferson St,1298
494,JC Medical Center,1
495,JCBS Depot,2
496,Jackson Ave & 46 Rd,1845
497,Jackson St & Leonard St,1160
498,Jay St & Tech Pl,7474
499,Jay St & York St,14137
500,John St & William St,6054
501,Johnson St & Gold St,4526
502,Journal Square,1
503,Kane St & Clinton St,4218
504,Kent Ave & N 7 St,15570
505,Kent Ave & S 11 St,6631
506,Kingston Ave & Herkimer St,2240
507,Knickerbocker Ave & George St,491
508,Knickerbocker Ave & Thames St,570
509,Kosciuszko St & Nostrand Ave,2394
510,Kosciuszko St & Tompkins Ave,2731
511,LaGuardia Pl & W 3 St,15785
512,Lafayette Ave & Classon Ave,4921
513,Lafayette Ave & Fort Greene Pl,5966
514,Lafayette Ave & St James Pl,4141
515,Lafayette St & E 8 St,25948
516,Lafayette St & Jersey St,17882
517,Laight St & Hudson St,3618
518,Lawrence St & Willoughby St,7260
519,Lefferts Pl & Franklin Ave,2567
520,Lenox Ave & W 111 St,9562
521,Lenox Ave & W 115 St,2862
522,Lenox Ave & W 117 St,4287
523,Lenox Ave & W 126 St,4641
524,Lenox Ave & W 130 St,4174
525,Leonard St & Boerum St,1870
526,Leonard St & Church St,7391
527,Leonard St & Maujer St,3096
528,Leonard St & Nassau Ave,5180
529,Lewis Ave & Decatur St,1393
530,Lewis Ave & Kosciuszko St,2220
531,Lewis Ave & Madison St,2793
532,Lexington Ave & Classon Ave,3310
533,Lexington Ave & E 111 St,2975
534,Lexington Ave & E 120 St,1374
535,Lexington Ave & E 127 St,1378
536,Lexington Ave & E 26 St,16920
537,Lexington Ave & E 29 St,12130
538,Lexington Ave & E 36 St,7775
539,Lexington Ave & E 63 St,7010
540,Liberty St & Broadway,12674
541,Lincoln Pl & Classon Ave,1479
542,Lispenard St & Broadway,13840
543,Little West St & 1 Pl,18780
544,Lorimer St & Broadway,1864
545,MacDougal St & Prince St,19704
546,MacDougal St & Washington Sq,12825
547,Macon St & Nostrand Ave,4575
548,Madison Ave & E 120 St,1433
549,Madison Ave & E 82 St,6898
550,Madison Ave & E 99 St,3448
551,Madison St & Clinton St,6219
552,Madison St & Montgomery St,5729
553,Maiden Ln & Pearl St,7010
554,Marcus Garvey Blvd & Macon St,1864
555,Marcy Ave & Lafayette Ave,1794
556,Market St & Cherry St,5552
557,McGuinness Blvd & Eagle St,5908
558,McKibbin St & Bogart St,1774
559,McKibbin St & Manhattan Ave,1651
560,Mercer St & Bleecker St,16366
561,Mercer St & Spring St,14952
562,Meserole Ave & Manhattan Ave,7253
563,Metropolitan Ave & Bedford Ave,14824
564,Metropolitan Ave & Meeker Ave,5446
565,Milton St & Franklin St,10715
566,Monroe St & Bedford Ave,3602
567,Monroe St & Classon Ave,2292
568,Monroe St & Tompkins Ave,2606
569,Montgomery St & Franklin Ave,671
570,Montrose Ave & Bushwick Ave,3729
571,Morningside Ave & W 123 St,2435
572,Morningside Dr & Amsterdam Ave,890
573,Morris Canal,1
574,Mott St & Prince St,16447
575,Mt Morris Park W & W 120 St,2569
576,Murray St & Greenwich St,12607
577,Murray St & West St,11987
578,Myrtle Ave & Lewis Ave,3808
579,Myrtle Ave & Marcy Ave,2324
580,Myrtle Ave & St Edwards St,2585
581,N 11 St & Kent Ave,4276
582,N 12 St & Bedford Ave,6617
583,N 15 St & Wythe Ave,2490
584,N 6 St & Bedford Ave,13432
585,NYCBS DEPOT - DELANCEY,184
586,NYCBS Depot - GOW,684
587,NYCBS Depot BAL - DYR,1
588,Nassau Ave & Newell St,4671
589,Nassau Ave & Russell St,6637
590,Nassau St & Navy St,3877
591,Newport Pkwy,6
592,Newton Rd & 44 St,1208
593,Newtown Ave & 23 St,1919
594,Norfolk St & Broome St,12363
595,North Moore St & Greenwich St,21091
596,Nostrand Ave & Myrtle Ave,1509
597,Old Fulton St,15301
598,Old Slip & Front St,8645
599,Pacific St & Classon Ave,1014
600,Pacific St & Nevins St,3403
601,Park Ave & E 124 St,7788
602,Park Ave & Marcus Garvey Blvd,1606
603,Park Ave & St Edwards St,1451
604,Park Pl & Church St,6496
605,Park Pl & Franklin Ave,2324
606,Park Pl & Vanderbilt Ave,5000
607,Paulus Hook,4
608,Pearl St & Anchorage Pl,6444
609,Pearl St & Hanover Square,7722
610,Peck Slip & Front St,11765
611,Perry St & Bleecker St,9171
612,Pershing Field,2
613,Pershing Square North,42844
614,Pershing Square South,14825
615,Picnic Point,2995
616,Pier 40 - Hudson River Park,21778
617,Pierrepont St & Monroe Pl,2943
618,Pike St & E Broadway,8535
619,Pike St & Monroe St,6647
620,Pioneer St & Richards St,930
621,Pioneer St & Van Brunt St,2686
622,Pitt St & Stanton St,2355
623,Plaza St West & Flatbush Ave,5247
624,Pleasant Ave & E 116 St,4900
625,Pleasant Ave & E 120 St,2029
626,Powers St & Olive St,1121
627,President St & Henry St,2861
628,Prospect Park West & 8 St,4410
629,Prospect Pl & 6 Ave,3069
630,Prospect Pl & Underhill Ave,2842
631,Pulaski St & Marcus Garvey Blvd,1575
632,Putnam Ave & Nostrand Ave,1578
633,Putnam Ave & Throop Ave,2163
634,Queens Plaza North & Crescent St,8150
635,Railroad Ave & Kay Ave,396
636,Reade St & Broadway,7020
637,Richards St & Delavan St,1047
638,Richardson St & N Henry St,4152
639,Riverside Blvd & W 67 St,9992
640,Riverside Dr & W 104 St,4694
641,Riverside Dr & W 72 St,9291
642,Riverside Dr & W 78 St,5672
643,Riverside Dr & W 82 St,6059
644,Riverside Dr & W 91 St,4507
645,Rivington St & Chrystie St,10585
646,Rivington St & Ridge St,8699
647,Roebling St & N 4 St,5203
648,Rogers Ave & Sterling St,1647
649,S 3 St & Bedford Ave,8110
650,S 4 St & Rodney St,3886
651,S 4 St & Wythe Ave,12992
652,S 5 Pl & S 5 St,14185
653,S Portland Ave & Hanson Pl,3773
654,Schermerhorn St & Bond St,7261
655,Schermerhorn St & Court St,5277
656,Scholes St & Manhattan Ave,4130
657,Sharon St & Olive St,1330
658,Sigourney St & Columbia St,1182
659,Sip Ave,3
660,Smith St & 3 St,3388
661,Smith St & 9 St,3975
662,Soissons Landing,4370
663,South End Ave & Liberty St,26673
664,South St & Gouverneur Ln,15979
665,South St & Whitehall St,9272
666,Spruce St & Nassau St,7467
667,St James Pl & Oliver St,6729
668,St James Pl & Pearl St,3829
669,St Johns Pl & Washington Ave,3160
670,St Marks Pl & 1 Ave,19062
671,St Marks Pl & 2 Ave,16282
672,St Nicholas Ave & Manhattan Ave,4705
673,St. Nicholas Ave & W 126 St,3566
674,Stagg St & Morgan Ave,712
675,Stagg St & Union Ave,4623
676,Stanton St & Chrystie St,14405
677,Stanton St & Mangin St,5575
678,Stanton St & Norfolk St,9453
679,State St & Smith St,5411
680,Steinway St & 23 Ave,1437
681,Steinway St & 28 Ave,2004
682,Sterling Pl & Bedford Ave,2776
683,Sterling St & Bedford Ave,828
684,Stockholm St & Wilson Ave,497
685,Stuyvesant Walk & 1 Av Loop,116
686,Suffolk St & Stanton St,12039
687,Sullivan Pl & Bedford Ave,625
688,Sullivan St & Washington Sq,15133
689,Suydam St & Knickerbocker Ave,1455
690,Throop Ave & Myrtle Ave,1139
691,Tompkins Ave & Hopkins St,1701
692,Underhill Ave & Lincoln Pl,3764
693,Underhill Ave & Pacific St,2902
694,Union Ave & Jackson St,2525
695,Union Ave & N 12 St,6543
696,Union Ave & Wallabout St,1833
697,Union St & 4 Ave,4534
698,Union St & Bedford Ave,1252
699,Union St & Nevins St,3291
700,University Pl & E 14 St,18147
701,University Pl & E 8 St,11114
702,Van Brunt St & Van Dyke St,3870
703,Van Brunt St & Wolcott St,2609
704,Van Vorst Park,1
705,Vernon Blvd & 10 St,2120
706,Vernon Blvd & 30 Rd,1884
707,Vernon Blvd & 31 Ave,2021
708,Vernon Blvd & 41 Rd,1502
709,Vernon Blvd & 47 Rd,3119
710,Vernon Blvd & 50 Ave,8009
711,Verona Pl & Fulton St,2291
712,Vesey Pl & River Terrace,21586
713,W 100 St & Broadway,6652
714,W 100 St & Manhattan Ave,4483
715,W 104 St & Amsterdam Ave,2973
716,W 106 St & Amsterdam Ave,3688
717,W 106 St & Central Park West,5450
718,W 107 St & Columbus Ave,2598
719,W 11 St & 6 Ave,12785
720,W 110 St & Amsterdam Ave,3639
721,W 113 St & Broadway,2893
722,W 116 St & Amsterdam Ave,2622
723,W 116 St & Broadway,2960
724,W 12 St & W 4 St,3407
725,W 120 St & Claremont Ave,2270
726,W 129 St & Convent Ave,1507
727,W 13 St & 5 Ave,15128
728,W 13 St & 7 Ave,16172
729,W 15 St & 10 Ave,14547
730,W 15 St & 6 Ave,11194
731,W 15 St & 7 Ave,16450
732,W 16 St & 8 Ave,16771
733,W 16 St & The High Line,17338
734,W 17 St & 8 Ave,6881
735,W 18 St & 6 Ave,23397
736,W 18 St & 9 Ave,10176
737,W 20 St & 11 Ave,29221
738,W 20 St & 7 Ave,16941
739,W 20 St & 8 Ave,15218
740,W 21 St & 6 Ave,24020
741,W 22 St & 10 Ave,21769
742,W 22 St & 8 Ave,20153
743,W 24 St & 7 Ave,19513
744,W 25 St & 6 Ave,18553
745,W 26 St & 10 Ave,16663
746,W 26 St & 8 Ave,17375
747,W 27 St & 10 Ave,17432
748,W 27 St & 7 Ave,17872
749,W 31 St & 7 Ave,23841
750,W 33 St & 7 Ave,27042
751,W 34 St & 11 Ave,22552
752,W 35 St & Dyer Ave,8313
753,W 37 St & 10 Ave,12588
754,W 37 St & 5 Ave,11938
755,W 38 St & 8 Ave,23409
756,W 4 St & 7 Ave S,18455
757,W 41 St & 8 Ave,24097
758,W 42 St & 8 Ave,14066
759,W 42 St & Dyer Ave,12426
760,W 43 St & 10 Ave,13810
761,W 43 St & 6 Ave,12179
762,W 44 St & 5 Ave,11627
763,W 45 St & 6 Ave,8335
764,W 45 St & 6 Ave -,3203
765,W 45 St & 8 Ave,14107
766,W 46 St & 11 Ave,13138
767,W 47 St & 10 Ave,13037
768,W 49 St & 8 Ave,13583
769,W 50 St & 9 Ave,7302
770,W 52 St & 11 Ave,13427
771,W 52 St & 5 Ave,16817
772,W 52 St & 6 Ave,19822
773,W 53 St & 10 Ave,11332
774,W 54 St & 9 Ave,9914
775,W 55 St & 6 Ave,4954
776,W 56 St & 10 Ave,9190
777,W 59 St & 10 Ave,8746
778,W 63 St & Broadway,11847
779,W 64 St & Thelonious Monk Circle,9278
780,W 67 St & Broadway,10248
781,W 70 St & Amsterdam Ave,9131
782,W 74 St & Columbus Ave,5149
783,W 76 St & Columbus Ave,6451
784,W 78 St & Broadway,5904
785,W 82 St & Central Park West,7119
786,W 84 St & Broadway,6191
787,W 84 St & Columbus Ave,6963
788,W 87 St & Amsterdam Ave,5012
789,W 88 St & West End Ave,4801
790,W 89 St & Columbus Ave,6234
791,W 90 St & Amsterdam Ave,3680
792,W 92 St & Broadway,4773
793,W 95 St & Broadway,7854
794,W Broadway & Spring Street,16358
795,Warren St & Court St,3665
796,Washington Ave & Greene Ave,3299
797,Washington Ave & Park Ave,4680
798,Washington Park,3767
799,Washington Pl & 6 Ave,7272
800,Washington Pl & Broadway,12141
801,Washington St,4
802,Washington St & Gansevoort St,21996
803,Water - Whitehall Plaza,6543
804,Waterbury St & Stagg St,577
805,Watts St & Greenwich St,12498
806,West Drive & Prospect Park West,11130
807,West End Ave & W 107 St,3682
808,West End Ave & W 94 St,4936
809,West St & Chambers St,36596
810,West Thames St,9231
811,White St & Johnson Ave,454
812,White St & Moore St,1539
813,William St & Pine St,6757
814,Willoughby Ave & Hall St,4849
815,Willoughby Ave & Tompkins Ave,1986
816,Willoughby Ave & Walworth St,2274
817,Willoughby Ave & Wyckoff Ave,1573
818,Willoughby St & Fleet St,6948
819,Wolcott St & Dwight St,890
820,Wyckoff Av & Jefferson St,2374
821,Wyckoff St & 3 Ave,3184
822,Wyckoff St & Bond St,1221
823,Wythe Ave & Metropolitan Ave,11897
824,Yankee Ferry Terminal,3851
